Location,Month,Avg Temp (°C),Avg High (°C),Avg Low (°C),Daylight (h/day),Cloud Cover (%),Rainfall (mm),Source URL
"Alanya, Turkey",January,11.7,14.4,8.9,10.0,41,129.5,https://weatherspark.com/y/96973/Average-Weather-in-Alanya-Turkey-Year-Round
"Alanya, Turkey",February,12.2,15.0,9.4,10.9,39,111.8,https://weatherspark.com/y/96973/Average-Weather-in-Alanya-Turkey-Year-Round
"Alanya, Turkey",March,14.4,17.2,11.1,12.0,34,66.0,https://weatherspark.com/y/96973/Average-Weather-in-Alanya-Turkey-Year-Round
"Alanya, Turkey",April,17.8,20.6,14.4,13.2,30,45.7,https://weatherspark.com/y/96973/Average-Weather-in-Alanya-Turkey-Year-Round
"Alanya, Turkey",May,21.7,24.4,18.3,14.1,21,25.4,https://weatherspark.com/y/96973/Average-Weather-in-Alanya-Turkey-Year-Round
"Alanya, Turkey",June,25.6,28.9,22.8,14.6,5,7.6,https://weatherspark.com/y/96973/Average-Weather-in-Alanya-Turkey-Year-Round
"Alanya, Turkey",July,28.9,31.7,25.6,14.4,0,2.5,https://weatherspark.com/y/96973/Average-Weather-in-Alanya-Turkey-Year-Round
"Alanya, Turkey",August,28.9,31.7,25.6,13.5,1,2.5,https://weatherspark.com/y/96973/Average-Weather-in-Alanya-Turkey-Year-Round
"Alanya, Turkey",September,26.1,28.9,22.8,12.4,8,15.2,https://weatherspark.com/y/96973/Average-Weather-in-Alanya-Turkey-Year-Round
"Alanya, Turkey",October,21.7,25.0,18.3,11.2,27,61.0,https://weatherspark.com/y/96973/Average-Weather-in-Alanya-Turkey-Year-Round
"Alanya, Turkey",November,16.7,20.0,13.9,10.2,36,101.6,https://weatherspark.com/y/96973/Average-Weather-in-Alanya-Turkey-Year-Round
"Alanya, Turkey",December,13.3,16.1,10.6,9.7,41,147.3,https://weatherspark.com/y/96973/Average-Weather-in-Alanya-Turkey-Year-Round
"Fethiye, Turkey",January,10.0,14.4,6.1,10.0,42,142.2,https://weatherspark.com/y/95926/Average-Weather-in-Fethiye-Turkey-Year-Round
"Fethiye, Turkey",February,10.6,15.0,6.1,10.9,40,121.9,https://weatherspark.com/y/95926/Average-Weather-in-Fethiye-Turkey-Year-Round
"Fethiye, Turkey",March,12.2,17.2,7.2,12.0,35,73.7,https://weatherspark.com/y/95926/Average-Weather-in-Fethiye-Turkey-Year-Round
"Fethiye, Turkey",April,15.6,20.6,10.0,13.2,31,43.2,https://weatherspark.com/y/95926/Average-Weather-in-Fethiye-Turkey-Year-Round
"Fethiye, Turkey",May,20.0,25.0,13.9,14.2,23,22.9,https://weatherspark.com/y/95926/Average-Weather-in-Fethiye-Turkey-Year-Round
"Fethiye, Turkey",June,24.4,30.0,18.3,14.6,6,5.1,https://weatherspark.com/y/95926/Average-Weather-in-Fethiye-Turkey-Year-Round
"Fethiye, Turkey",July,27.2,32.8,21.7,14.4,0,2.5,https://weatherspark.com/y/95926/Average-Weather-in-Fethiye-Turkey-Year-Round
"Fethiye, Turkey",August,27.8,32.8,21.7,13.5,1,2.5,https://weatherspark.com/y/95926/Average-Weather-in-Fethiye-Turkey-Year-Round
"Fethiye, Turkey",September,24.4,30.0,18.3,12.4,9,12.7,https://weatherspark.com/y/95926/Average-Weather-in-Fethiye-Turkey-Year-Round
"Fethiye, Turkey",October,19.4,25.6,13.9,11.2,27,50.8,https://weatherspark.com/y/95926/Average-Weather-in-Fethiye-Turkey-Year-Round
"Fethiye, Turkey",November,14.4,20.0,9.4,10.2,38,104.1,https://weatherspark.com/y/95926/Average-Weather-in-Fethiye-Turkey-Year-Round
"Fethiye, Turkey",December,11.1,16.1,7.2,9.7,44,147.3,https://weatherspark.com/y/95926/Average-Weather-in-Fethiye-Turkey-Year-Round
"Gaziantep, Turkey",January,2.8,7.2,-0.6,10.0,48,50.8,https://weatherspark.com/y/100231/Average-Weather-in-Gaziantep-Turkey-Year-Round
"Gaziantep, Turkey",February,4.4,8.9,0.6,10.9,47,50.8,https://weatherspark.com/y/100231/Average-Weather-in-Gaziantep-Turkey-Year-Round
"Gaziantep, Turkey",March,8.3,13.3,3.3,12.0,42,40.6,https://weatherspark.com/y/100231/Average-Weather-in-Gaziantep-Turkey-Year-Round
"Gaziantep, Turkey",April,13.3,18.9,7.2,13.2,37,33.0,https://weatherspark.com/y/100231/Average-Weather-in-Gaziantep-Turkey-Year-Round
"Gaziantep, Turkey",May,18.3,24.4,12.2,14.2,23,17.8,https://weatherspark.com/y/100231/Average-Weather-in-Gaziantep-Turkey-Year-Round
"Gaziantep, Turkey",June,23.9,30.6,17.2,14.7,5,5.1,https://weatherspark.com/y/100231/Average-Weather-in-Gaziantep-Turkey-Year-Round
"Gaziantep, Turkey",July,27.8,34.4,21.1,14.4,0,2.5,https://weatherspark.com/y/100231/Average-Weather-in-Gaziantep-Turkey-Year-Round
"Gaziantep, Turkey",August,27.8,34.4,20.6,13.5,0,2.5,https://weatherspark.com/y/100231/Average-Weather-in-Gaziantep-Turkey-Year-Round
"Gaziantep, Turkey",September,23.3,30.0,16.1,12.4,8,5.1,https://weatherspark.com/y/100231/Average-Weather-in-Gaziantep-Turkey-Year-Round
"Gaziantep, Turkey",October,16.7,22.8,10.6,11.2,28,27.9,https://weatherspark.com/y/100231/Average-Weather-in-Gaziantep-Turkey-Year-Round
"Gaziantep, Turkey",November,9.4,15.0,4.4,10.2,40,45.7,https://weatherspark.com/y/100231/Average-Weather-in-Gaziantep-Turkey-Year-Round
"Gaziantep, Turkey",December,4.4,8.9,0.6,9.7,48,53.3,https://weatherspark.com/y/100231/Average-Weather-in-Gaziantep-Turkey-Year-Round
"Hallstatt, Austria",January,-3.9,-0.6,-6.7,8.9,62,22.9,https://weatherspark.com/y/75344/Average-Weather-in-Bad-Aussee-Austria-Year-Round
"Hallstatt, Austria",February,-2.2,1.7,-5.6,10.3,64,22.9,https://weatherspark.com/y/75344/Average-Weather-in-Bad-Aussee-Austria-Year-Round
"Hallstatt, Austria",March,2.2,6.7,-2.2,12.0,63,43.2,https://weatherspark.com/y/75344/Average-Weather-in-Bad-Aussee-Austria-Year-Round
"Hallstatt, Austria",April,6.7,11.7,1.7,13.7,59,53.3,https://weatherspark.com/y/75344/Average-Weather-in-Bad-Aussee-Austria-Year-Round
"Hallstatt, Austria",May,11.1,16.7,6.1,15.2,59,94.0,https://weatherspark.com/y/75344/Average-Weather-in-Bad-Aussee-Austria-Year-Round
"Hallstatt, Austria",June,14.4,19.4,9.4,15.9,56,129.5,https://weatherspark.com/y/75344/Average-Weather-in-Bad-Aussee-Austria-Year-Round
"Hallstatt, Austria",July,16.1,21.1,11.1,15.5,46,142.2,https://weatherspark.com/y/75344/Average-Weather-in-Bad-Aussee-Austria-Year-Round
"Hallstatt, Austria",August,15.6,20.6,10.6,14.2,47,127.0,https://weatherspark.com/y/75344/Average-Weather-in-Bad-Aussee-Austria-Year-Round
"Hallstatt, Austria",September,11.7,16.7,7.2,12.5,54,99.1,https://weatherspark.com/y/75344/Average-Weather-in-Bad-Aussee-Austria-Year-Round
"Hallstatt, Austria",October,6.7,11.7,2.8,10.8,58,63.5,https://weatherspark.com/y/75344/Average-Weather-in-Bad-Aussee-Austria-Year-Round
"Hallstatt, Austria",November,1.1,4.4,-1.7,9.3,64,40.6,https://weatherspark.com/y/75344/Average-Weather-in-Bad-Aussee-Austria-Year-Round
"Hallstatt, Austria",December,-2.8,0.0,-5.6,8.5,65,25.4,https://weatherspark.com/y/75344/Average-Weather-in-Bad-Aussee-Austria-Year-Round
"Kuressaare, Estonia",January,-1.7,0.6,-3.3,7.3,71,22.9,https://weatherspark.com/y/89055/Average-Weather-in-Kuressaare-Estonia-Year-Round
"Kuressaare, Estonia",February,-2.8,-0.6,-4.4,9.4,69,17.8,https://weatherspark.com/y/89055/Average-Weather-in-Kuressaare-Estonia-Year-Round
"Kuressaare, Estonia",March,0.0,2.2,-2.2,11.9,62,20.3,https://weatherspark.com/y/89055/Average-Weather-in-Kuressaare-Estonia-Year-Round
"Kuressaare, Estonia",April,4.4,7.8,1.7,14.5,57,25.4,https://weatherspark.com/y/89055/Average-Weather-in-Kuressaare-Estonia-Year-Round
"Kuressaare, Estonia",May,10.0,13.3,6.7,16.9,47,30.5,https://weatherspark.com/y/89055/Average-Weather-in-Kuressaare-Estonia-Year-Round
"Kuressaare, Estonia",June,13.9,17.2,10.6,18.1,44,45.7,https://weatherspark.com/y/89055/Average-Weather-in-Kuressaare-Estonia-Year-Round
"Kuressaare, Estonia",July,17.8,20.0,13.9,17.4,41,45.7,https://weatherspark.com/y/89055/Average-Weather-in-Kuressaare-Estonia-Year-Round
"Kuressaare, Estonia",August,17.2,19.4,13.3,15.2,45,50.8,https://weatherspark.com/y/89055/Average-Weather-in-Kuressaare-Estonia-Year-Round
"Kuressaare, Estonia",September,12.8,15.6,10.0,12.7,49,45.7,https://weatherspark.com/y/89055/Average-Weather-in-Kuressaare-Estonia-Year-Round
"Kuressaare, Estonia",October,7.8,10.0,5.6,10.2,58,48.3,https://weatherspark.com/y/89055/Average-Weather-in-Kuressaare-Estonia-Year-Round
"Kuressaare, Estonia",November,3.3,5.0,1.7,7.8,69,45.7,https://weatherspark.com/y/89055/Average-Weather-in-Kuressaare-Estonia-Year-Round
"Kuressaare, Estonia",December,0.6,2.2,-1.1,6.5,71,27.9,https://weatherspark.com/y/89055/Average-Weather-in-Kuressaare-Estonia-Year-Round
"Rauma, Finland",January,-3.9,-1.7,-6.1,6.6,71,22.9,https://weatherspark.com/y/87753/Average-Weather-in-Rauma-Finland-Year-Round
"Rauma, Finland",February,-4.4,-1.7,-7.2,9.1,70,15.2,https://weatherspark.com/y/87753/Average-Weather-in-Rauma-Finland-Year-Round
"Rauma, Finland",March,-1.1,1.7,-4.4,11.9,65,17.8,https://weatherspark.com/y/87753/Average-Weather-in-Rauma-Finland-Year-Round
"Rauma, Finland",April,3.9,7.2,0.0,14.8,59,30.5,https://weatherspark.com/y/87753/Average-Weather-in-Rauma-Finland-Year-Round
"Rauma, Finland",May,9.4,13.3,4.4,17.6,49,35.6,https://weatherspark.com/y/87753/Average-Weather-in-Rauma-Finland-Year-Round
"Rauma, Finland",June,13.9,17.2,9.4,19.2,47,48.3,https://weatherspark.com/y/87753/Average-Weather-in-Rauma-Finland-Year-Round
"Rauma, Finland",July,17.2,20.0,12.2,18.2,44,48.3,https://weatherspark.com/y/87753/Average-Weather-in-Rauma-Finland-Year-Round
"Rauma, Finland",August,15.6,18.9,11.1,15.6,47,55.9,https://weatherspark.com/y/87753/Average-Weather-in-Rauma-Finland-Year-Round
"Rauma, Finland",September,11.1,13.9,7.2,12.8,51,53.3,https://weatherspark.com/y/87753/Average-Weather-in-Rauma-Finland-Year-Round
"Rauma, Finland",October,6.1,8.3,3.3,9.9,62,53.3,https://weatherspark.com/y/87753/Average-Weather-in-Rauma-Finland-Year-Round
"Rauma, Finland",November,1.7,3.3,-0.6,7.2,69,45.7,https://weatherspark.com/y/87753/Average-Weather-in-Rauma-Finland-Year-Round
"Rauma, Finland",December,-1.7,0.6,-3.9,5.6,69,30.5,https://weatherspark.com/y/87753/Average-Weather-in-Rauma-Finland-Year-Round
"Theth, Albania",January,2.2,6.7,-1.7,9.5,53,71.1,https://weatherspark.com/y/85663/Average-Weather-in-Bajram-Curri-Albania-Year-Round
"Theth, Albania",February,3.3,8.3,-0.6,10.6,54,73.7,https://weatherspark.com/y/85663/Average-Weather-in-Bajram-Curri-Albania-Year-Round
"Theth, Albania",March,7.2,12.2,2.8,12.0,53,71.1,https://weatherspark.com/y/85663/Average-Weather-in-Bajram-Curri-Albania-Year-Round
"Theth, Albania",April,11.7,17.2,7.2,13.4,52,73.7,https://weatherspark.com/y/85663/Average-Weather-in-Bajram-Curri-Albania-Year-Round
"Theth, Albania",May,16.7,22.2,11.1,14.6,46,55.9,https://weatherspark.com/y/85663/Average-Weather-in-Bajram-Curri-Albania-Year-Round
"Theth, Albania",June,20.6,26.1,14.4,15.2,28,43.2,https://weatherspark.com/y/85663/Average-Weather-in-Bajram-Curri-Albania-Year-Round
"Theth, Albania",July,23.3,29.4,16.7,14.9,14,30.5,https://weatherspark.com/y/85663/Average-Weather-in-Bajram-Curri-Albania-Year-Round
"Theth, Albania",August,23.3,29.4,16.7,13.8,18,35.6,https://weatherspark.com/y/85663/Average-Weather-in-Bajram-Curri-Albania-Year-Round
"Theth, Albania",September,18.3,25.0,12.8,12.4,34,73.7,https://weatherspark.com/y/85663/Average-Weather-in-Bajram-Curri-Albania-Year-Round
"Theth, Albania",October,13.3,18.9,8.3,11.0,47,91.4,https://weatherspark.com/y/85663/Average-Weather-in-Bajram-Curri-Albania-Year-Round
"Theth, Albania",November,7.8,12.2,3.3,9.8,55,111.8,https://weatherspark.com/y/85663/Average-Weather-in-Bajram-Curri-Albania-Year-Round
"Theth, Albania",December,3.3,7.2,-0.6,9.1,56,91.4,https://weatherspark.com/y/85663/Average-Weather-in-Bajram-Curri-Albania-Year-Round
"Alkmaar, Netherlands",January,3.9,5.6,2.2,8.3,65,53.3,https://weatherspark.com/y/51384/Average-Weather-in-Alkmaar-Netherlands-Year-Round
"Alkmaar, Netherlands",February,3.9,5.6,1.7,9.9,62,43.2,https://weatherspark.com/y/51384/Average-Weather-in-Alkmaar-Netherlands-Year-Round
"Alkmaar, Netherlands",March,6.1,8.3,3.3,12.0,60,38.1,https://weatherspark.com/y/51384/Average-Weather-in-Alkmaar-Netherlands-Year-Round
"Alkmaar, Netherlands",April,8.9,11.7,6.1,14.0,52,30.5,https://weatherspark.com/y/51384/Average-Weather-in-Alkmaar-Netherlands-Year-Round
"Alkmaar, Netherlands",May,12.2,15.0,9.4,15.8,50,38.1,https://weatherspark.com/y/51384/Average-Weather-in-Alkmaar-Netherlands-Year-Round
"Alkmaar, Netherlands",June,15.0,17.2,12.2,16.8,48,45.7,https://weatherspark.com/y/51384/Average-Weather-in-Alkmaar-Netherlands-Year-Round
"Alkmaar, Netherlands",July,17.2,19.4,14.4,16.2,43,50.8,https://weatherspark.com/y/51384/Average-Weather-in-Alkmaar-Netherlands-Year-Round
"Alkmaar, Netherlands",August,17.2,20.0,14.4,14.6,45,55.9,https://weatherspark.com/y/51384/Average-Weather-in-Alkmaar-Netherlands-Year-Round
"Alkmaar, Netherlands",September,15.0,17.8,12.8,12.6,51,58.4,https://weatherspark.com/y/51384/Average-Weather-in-Alkmaar-Netherlands-Year-Round
"Alkmaar, Netherlands",October,11.7,13.9,9.4,10.5,57,61.0,https://weatherspark.com/y/51384/Average-Weather-in-Alkmaar-Netherlands-Year-Round
"Alkmaar, Netherlands",November,7.8,9.4,5.6,8.7,64,63.5,https://weatherspark.com/y/51384/Average-Weather-in-Alkmaar-Netherlands-Year-Round
"Alkmaar, Netherlands",December,5.0,6.7,3.3,7.7,65,61.0,https://weatherspark.com/y/51384/Average-Weather-in-Alkmaar-Netherlands-Year-Round
"Cesky Krumlov, Czechia",January,-2.8,0.0,-5.0,8.8,59,12.7,https://weatherspark.com/y/77634/Average-Weather-in-%C4%8Cesk%C3%BD-Krumlov-Czechia-Year-Round
"Cesky Krumlov, Czechia",February,-1.7,1.7,-4.4,10.2,58,12.7,https://weatherspark.com/y/77634/Average-Weather-in-%C4%8Cesk%C3%BD-Krumlov-Czechia-Year-Round
"Cesky Krumlov, Czechia",March,2.8,7.2,-1.1,12.0,58,22.9,https://weatherspark.com/y/77634/Average-Weather-in-%C4%8Cesk%C3%BD-Krumlov-Czechia-Year-Round
"Cesky Krumlov, Czechia",April,7.8,12.2,2.8,13.8,54,30.5,https://weatherspark.com/y/77634/Average-Weather-in-%C4%8Cesk%C3%BD-Krumlov-Czechia-Year-Round
"Cesky Krumlov, Czechia",May,12.2,17.2,7.2,15.3,53,58.4,https://weatherspark.com/y/77634/Average-Weather-in-%C4%8Cesk%C3%BD-Krumlov-Czechia-Year-Round
"Cesky Krumlov, Czechia",June,15.6,20.0,10.0,16.1,48,71.1,https://weatherspark.com/y/77634/Average-Weather-in-%C4%8Cesk%C3%BD-Krumlov-Czechia-Year-Round
"Cesky Krumlov, Czechia",July,17.2,22.2,12.2,15.7,40,81.3,https://weatherspark.com/y/77634/Average-Weather-in-%C4%8Cesk%C3%BD-Krumlov-Czechia-Year-Round
"Cesky Krumlov, Czechia",August,17.2,21.7,11.7,14.3,42,71.1,https://weatherspark.com/y/77634/Average-Weather-in-%C4%8Cesk%C3%BD-Krumlov-Czechia-Year-Round
"Cesky Krumlov, Czechia",September,12.8,17.2,7.8,12.5,49,50.8,https://weatherspark.com/y/77634/Average-Weather-in-%C4%8Cesk%C3%BD-Krumlov-Czechia-Year-Round
"Cesky Krumlov, Czechia",October,7.2,11.1,3.9,10.7,57,33.0,https://weatherspark.com/y/77634/Average-Weather-in-%C4%8Cesk%C3%BD-Krumlov-Czechia-Year-Round
"Cesky Krumlov, Czechia",November,2.2,4.4,-0.6,9.1,65,22.9,https://weatherspark.com/y/77634/Average-Weather-in-%C4%8Cesk%C3%BD-Krumlov-Czechia-Year-Round
"Cesky Krumlov, Czechia",December,-1.7,0.6,-3.9,8.3,63,15.2,https://weatherspark.com/y/77634/Average-Weather-in-%C4%8Cesk%C3%BD-Krumlov-Czechia-Year-Round
"Gothenburg, Sweden",January,-0.6,1.7,-2.8,7.4,68,61.0,https://weatherspark.com/y/71566/Average-Weather-in-G%C3%B6teborg-Sweden-Year-Round
"Gothenburg, Sweden",February,-0.6,1.7,-3.3,9.5,66,45.7,https://weatherspark.com/y/71566/Average-Weather-in-G%C3%B6teborg-Sweden-Year-Round
"Gothenburg, Sweden",March,1.7,5.0,-1.1,11.9,63,43.2,https://weatherspark.com/y/71566/Average-Weather-in-G%C3%B6teborg-Sweden-Year-Round
"Gothenburg, Sweden",April,6.1,10.0,2.2,14.5,56,43.2,https://weatherspark.com/y/71566/Average-Weather-in-G%C3%B6teborg-Sweden-Year-Round
"Gothenburg, Sweden",May,11.1,15.0,6.7,16.7,48,48.3,https://weatherspark.com/y/71566/Average-Weather-in-G%C3%B6teborg-Sweden-Year-Round
"Gothenburg, Sweden",June,14.4,17.8,10.0,18.0,44,66.0,https://weatherspark.com/y/71566/Average-Weather-in-G%C3%B6teborg-Sweden-Year-Round
"Gothenburg, Sweden",July,16.7,20.0,12.8,17.3,44,66.0,https://weatherspark.com/y/71566/Average-Weather-in-G%C3%B6teborg-Sweden-Year-Round
"Gothenburg, Sweden",August,16.1,19.4,12.2,15.2,48,73.7,https://weatherspark.com/y/71566/Average-Weather-in-G%C3%B6teborg-Sweden-Year-Round
"Gothenburg, Sweden",September,12.8,15.6,8.9,12.7,50,76.2,https://weatherspark.com/y/71566/Average-Weather-in-G%C3%B6teborg-Sweden-Year-Round
"Gothenburg, Sweden",October,8.3,11.1,5.0,10.2,59,81.3,https://weatherspark.com/y/71566/Average-Weather-in-G%C3%B6teborg-Sweden-Year-Round
"Gothenburg, Sweden",November,3.9,6.1,1.7,7.9,67,76.2,https://weatherspark.com/y/71566/Average-Weather-in-G%C3%B6teborg-Sweden-Year-Round
"Gothenburg, Sweden",December,1.1,2.8,-1.1,6.7,68,68.6,https://weatherspark.com/y/71566/Average-Weather-in-G%C3%B6teborg-Sweden-Year-Round
"Villach, Austria",January,-1.7,1.7,-5,9.1,55,25.4,https://weatherspark.com/y/75228/Average-Weather-in-Villach-Austria-Year-Round
"Villach, Austria",February,0,4.4,-3.9,10.4,55,27.9,https://weatherspark.com/y/75228/Average-Weather-in-Villach-Austria-Year-Round
"Villach, Austria",March,4.4,10,0,12,58,43.2,https://weatherspark.com/y/75228/Average-Weather-in-Villach-Austria-Year-Round
"Villach, Austria",April,9.4,14.4,4.4,13.6,59,61,https://weatherspark.com/y/75228/Average-Weather-in-Villach-Austria-Year-Round
"Villach, Austria",May,14.4,19.4,8.9,15.1,57,78.7,https://weatherspark.com/y/75228/Average-Weather-in-Villach-Austria-Year-Round
"Villach, Austria",June,17.2,22.8,12.2,15.8,50,101.6,https://weatherspark.com/y/75228/Average-Weather-in-Villach-Austria-Year-Round
"Villach, Austria",July,19.4,25,13.9,15.4,39,101.6,https://weatherspark.com/y/75228/Average-Weather-in-Villach-Austria-Year-Round
"Villach, Austria",August,18.9,23.9,13.3,14.1,40,101.6,https://weatherspark.com/y/75228/Average-Weather-in-Villach-Austria-Year-Round
"Villach, Austria",September,14.4,20,10,12.5,49,101.6,https://weatherspark.com/y/75228/Average-Weather-in-Villach-Austria-Year-Round
"Villach, Austria",October,10,13.9,5.6,10.8,58,94,https://weatherspark.com/y/75228/Average-Weather-in-Villach-Austria-Year-Round
"Villach, Austria",November,3.9,7.2,0.6,9.4,62,76.2,https://weatherspark.com/y/75228/Average-Weather-in-Villach-Austria-Year-Round
"Villach, Austria",December,-0.6,2.2,-3.3,8.6,57,40.6,https://weatherspark.com/y/75228/Average-Weather-in-Villach-Austria-Year-Round
"Ulcinj, Montenegro",January,7.2,11.1,3.9,9.5,50,104.1,https://weatherspark.com/y/84403/Average-Weather-in-Ulcinj-Montenegro-Year-Round
"Ulcinj, Montenegro",February,8.3,12.2,4.4,10.6,50,111.8,https://weatherspark.com/y/84403/Average-Weather-in-Ulcinj-Montenegro-Year-Round
"Ulcinj, Montenegro",March,11.1,15,7.8,12,49,91.4,https://weatherspark.com/y/84403/Average-Weather-in-Ulcinj-Montenegro-Year-Round
"Ulcinj, Montenegro",April,14.4,18.3,11.1,13.4,47,86.4,https://weatherspark.com/y/84403/Average-Weather-in-Ulcinj-Montenegro-Year-Round
"Ulcinj, Montenegro",May,18.9,22.8,15,14.6,40,55.9,https://weatherspark.com/y/84403/Average-Weather-in-Ulcinj-Montenegro-Year-Round
"Ulcinj, Montenegro",June,23.3,27.2,19.4,15.2,25,38.1,https://weatherspark.com/y/84403/Average-Weather-in-Ulcinj-Montenegro-Year-Round
"Ulcinj, Montenegro",July,26.1,30,21.7,14.9,11,20.3,https://weatherspark.com/y/84403/Average-Weather-in-Ulcinj-Montenegro-Year-Round
"Ulcinj, Montenegro",August,26.1,29.4,21.7,13.8,15,33,https://weatherspark.com/y/84403/Average-Weather-in-Ulcinj-Montenegro-Year-Round
"Ulcinj, Montenegro",September,21.7,25.6,17.8,12.4,30,81.3,https://weatherspark.com/y/84403/Average-Weather-in-Ulcinj-Montenegro-Year-Round
"Ulcinj, Montenegro",October,17.2,21.1,13.3,11,42,109.2,https://weatherspark.com/y/84403/Average-Weather-in-Ulcinj-Montenegro-Year-Round
"Ulcinj, Montenegro",November,12.2,16.1,8.3,9.8,49,137.2,https://weatherspark.com/y/84403/Average-Weather-in-Ulcinj-Montenegro-Year-Round
"Ulcinj, Montenegro",December,8.3,12.2,5,9.2,51,124.5,https://weatherspark.com/y/84403/Average-Weather-in-Ulcinj-Montenegro-Year-Round
"Bitola, North Macedonia",January,0.6,5,-2.8,9.6,50,25.4,https://weatherspark.com/y/86830/Average-Weather-in-Bitola-Macedonia-Year-Round
"Bitola, North Macedonia",February,2.2,6.7,-1.7,10.7,50,27.9,https://weatherspark.com/y/86830/Average-Weather-in-Bitola-Macedonia-Year-Round
"Bitola, North Macedonia",March,5.6,10.6,1.1,12,49,30.5,https://weatherspark.com/y/86830/Average-Weather-in-Bitola-Macedonia-Year-Round
"Bitola, North Macedonia",April,10,15.6,5,13.4,47,38.1,https://weatherspark.com/y/86830/Average-Weather-in-Bitola-Macedonia-Year-Round
"Bitola, North Macedonia",May,15,20.6,8.9,14.5,41,38.1,https://weatherspark.com/y/86830/Average-Weather-in-Bitola-Macedonia-Year-Round
"Bitola, North Macedonia",June,18.9,25,12.2,15.1,24,33,https://weatherspark.com/y/86830/Average-Weather-in-Bitola-Macedonia-Year-Round
"Bitola, North Macedonia",July,21.7,27.8,14.4,14.8,10,22.9,https://weatherspark.com/y/86830/Average-Weather-in-Bitola-Macedonia-Year-Round
"Bitola, North Macedonia",August,21.1,27.2,14.4,13.7,15,25.4,https://weatherspark.com/y/86830/Average-Weather-in-Bitola-Macedonia-Year-Round
"Bitola, North Macedonia",September,17.2,23.3,11.1,12.4,30,40.6,https://weatherspark.com/y/86830/Average-Weather-in-Bitola-Macedonia-Year-Round
"Bitola, North Macedonia",October,11.7,17.2,6.7,11.1,44,53.3,https://weatherspark.com/y/86830/Average-Weather-in-Bitola-Macedonia-Year-Round
"Bitola, North Macedonia",November,6.1,10.6,2.2,9.9,52,58.4,https://weatherspark.com/y/86830/Average-Weather-in-Bitola-Macedonia-Year-Round
"Bitola, North Macedonia",December,1.7,5.6,-1.7,9.3,53,40.6,https://weatherspark.com/y/86830/Average-Weather-in-Bitola-Macedonia-Year-Round
"Livno, Bosnia and Herzegovina",January,-1.1,2.8,-4.4,9.4,57,50.8,https://weatherspark.com/y/82102/Average-Weather-in-Livno-Bosnia-&-Herzegovina-Year-Round
"Livno, Bosnia and Herzegovina",February,0,4.4,-3.3,10.5,56,53.3,https://weatherspark.com/y/82102/Average-Weather-in-Livno-Bosnia-&-Herzegovina-Year-Round
"Livno, Bosnia and Herzegovina",March,3.9,8.3,-0.6,12,56,53.3,https://weatherspark.com/y/82102/Average-Weather-in-Livno-Bosnia-&-Herzegovina-Year-Round
"Livno, Bosnia and Herzegovina",April,7.8,12.8,3.3,13.5,56,61,https://weatherspark.com/y/82102/Average-Weather-in-Livno-Bosnia-&-Herzegovina-Year-Round
"Livno, Bosnia and Herzegovina",May,12.8,17.8,7.2,14.8,50,53.3,https://weatherspark.com/y/82102/Average-Weather-in-Livno-Bosnia-&-Herzegovina-Year-Round
"Livno, Bosnia and Herzegovina",June,16.7,21.7,10.6,15.4,36,43.2,https://weatherspark.com/y/82102/Average-Weather-in-Livno-Bosnia-&-Herzegovina-Year-Round
"Livno, Bosnia and Herzegovina",July,18.9,25,12.8,15.1,21,25.4,https://weatherspark.com/y/82102/Average-Weather-in-Livno-Bosnia-&-Herzegovina-Year-Round
"Livno, Bosnia and Herzegovina",August,18.9,25,12.2,13.9,24,38.1,https://weatherspark.com/y/82102/Average-Weather-in-Livno-Bosnia-&-Herzegovina-Year-Round
"Livno, Bosnia and Herzegovina",September,14.4,20,8.9,12.5,38,68.6,https://weatherspark.com/y/82102/Average-Weather-in-Livno-Bosnia-&-Herzegovina-Year-Round
"Livno, Bosnia and Herzegovina",October,9.4,14.4,5,11,50,76.2,https://weatherspark.com/y/82102/Average-Weather-in-Livno-Bosnia-&-Herzegovina-Year-Round
"Livno, Bosnia and Herzegovina",November,4.4,8.3,0.6,9.6,59,91.4,https://weatherspark.com/y/82102/Average-Weather-in-Livno-Bosnia-&-Herzegovina-Year-Round
"Livno, Bosnia and Herzegovina",December,0,3.9,-2.8,9,59,71.1,https://weatherspark.com/y/82102/Average-Weather-in-Livno-Bosnia-&-Herzegovina-Year-Round
"Terracina, Italy",January,8.9,12.8,5.6,9.6,46,63.5,https://weatherspark.com/y/74413/Average-Weather-in-Terracina-Italy-Year-Round
"Terracina, Italy",February,8.9,12.8,5.6,10.7,44,61,https://weatherspark.com/y/74413/Average-Weather-in-Terracina-Italy-Year-Round
"Terracina, Italy",March,11.7,15,7.8,12,44,48.3,https://weatherspark.com/y/74413/Average-Weather-in-Terracina-Italy-Year-Round
"Terracina, Italy",April,13.9,18.3,10,13.4,43,43.2,https://weatherspark.com/y/74413/Average-Weather-in-Terracina-Italy-Year-Round
"Terracina, Italy",May,18.3,22.2,13.9,14.5,38,27.9,https://weatherspark.com/y/74413/Average-Weather-in-Terracina-Italy-Year-Round
"Terracina, Italy",June,22.2,26.7,17.8,15.1,24,20.3,https://weatherspark.com/y/74413/Average-Weather-in-Terracina-Italy-Year-Round
"Terracina, Italy",July,25,29.4,20,14.8,11,12.7,https://weatherspark.com/y/74413/Average-Weather-in-Terracina-Italy-Year-Round
"Terracina, Italy",August,25.6,29.4,20.6,13.7,16,20.3,https://weatherspark.com/y/74413/Average-Weather-in-Terracina-Italy-Year-Round
"Terracina, Italy",September,21.7,26.1,17.8,12.4,31,55.9,https://weatherspark.com/y/74413/Average-Weather-in-Terracina-Italy-Year-Round
"Terracina, Italy",October,17.8,21.7,13.9,11,42,78.7,https://weatherspark.com/y/74413/Average-Weather-in-Terracina-Italy-Year-Round
"Terracina, Italy",November,13.3,16.7,10,9.9,46,96.5,https://weatherspark.com/y/74413/Average-Weather-in-Terracina-Italy-Year-Round
"Terracina, Italy",December,10,13.3,6.7,9.2,45,71.1,https://weatherspark.com/y/74413/Average-Weather-in-Terracina-Italy-Year-Round
"Izola, Slovenia",January,5,8.3,2.2,9.2,53,50.8,https://weatherspark.com/y/75159/Average-Weather-in-Izola-Slovenia-Year-Round
"Izola, Slovenia",February,5.6,9.4,2.2,10.4,50,53.3,https://weatherspark.com/y/75159/Average-Weather-in-Izola-Slovenia-Year-Round
"Izola, Slovenia",March,8.9,12.8,5,12,50,55.9,https://weatherspark.com/y/75159/Average-Weather-in-Izola-Slovenia-Year-Round
"Izola, Slovenia",April,12.8,17.2,8.9,13.6,50,63.5,https://weatherspark.com/y/75159/Average-Weather-in-Izola-Slovenia-Year-Round
"Izola, Slovenia",May,17.2,21.7,12.8,15,48,66,https://weatherspark.com/y/75159/Average-Weather-in-Izola-Slovenia-Year-Round
"Izola, Slovenia",June,21.1,25.6,16.1,15.6,38,63.5,https://weatherspark.com/y/75159/Average-Weather-in-Izola-Slovenia-Year-Round
"Izola, Slovenia",July,23.9,28.3,18.3,15.2,27,48.3,https://weatherspark.com/y/75159/Average-Weather-in-Izola-Slovenia-Year-Round
"Izola, Slovenia",August,23.3,28.3,18.3,14,29,58.4,https://weatherspark.com/y/75159/Average-Weather-in-Izola-Slovenia-Year-Round
"Izola, Slovenia",September,19.4,23.9,15,12.5,39,86.4,https://weatherspark.com/y/75159/Average-Weather-in-Izola-Slovenia-Year-Round
"Izola, Slovenia",October,15,18.3,11.1,10.9,47,94,https://weatherspark.com/y/75159/Average-Weather-in-Izola-Slovenia-Year-Round
"Izola, Slovenia",November,10,13.3,6.7,9.5,55,91.4,https://weatherspark.com/y/75159/Average-Weather-in-Izola-Slovenia-Year-Round
"Izola, Slovenia",December,6.1,9.4,3.3,8.8,55,71.1,https://weatherspark.com/y/75159/Average-Weather-in-Izola-Slovenia-Year-Round
"Neum, Bosnia and Herzegovina",January,6.7,10.6,3.9,9.4,50,88.9,https://weatherspark.com/y/82059/Average-Weather-in-Neum-Bosnia-&-Herzegovina-Year-Round
"Neum, Bosnia and Herzegovina",February,7.8,11.7,3.9,10.6,49,96.5,https://weatherspark.com/y/82059/Average-Weather-in-Neum-Bosnia-&-Herzegovina-Year-Round
"Neum, Bosnia and Herzegovina",March,10.6,15,6.7,12,49,83.8,https://weatherspark.com/y/82059/Average-Weather-in-Neum-Bosnia-&-Herzegovina-Year-Round
"Neum, Bosnia and Herzegovina",April,13.9,18.3,9.4,13.5,47,76.2,https://weatherspark.com/y/82059/Average-Weather-in-Neum-Bosnia-&-Herzegovina-Year-Round
"Neum, Bosnia and Herzegovina",May,18.3,22.8,13.9,14.7,43,55.9,https://weatherspark.com/y/82059/Average-Weather-in-Neum-Bosnia-&-Herzegovina-Year-Round
"Neum, Bosnia and Herzegovina",June,22.8,27.8,17.8,15.3,29,38.1,https://weatherspark.com/y/82059/Average-Weather-in-Neum-Bosnia-&-Herzegovina-Year-Round
"Neum, Bosnia and Herzegovina",July,26.1,31.1,20.6,15,16,20.3,https://weatherspark.com/y/82059/Average-Weather-in-Neum-Bosnia-&-Herzegovina-Year-Round
"Neum, Bosnia and Herzegovina",August,26.1,30.6,20.6,13.8,20,33,https://weatherspark.com/y/82059/Average-Weather-in-Neum-Bosnia-&-Herzegovina-Year-Round
"Neum, Bosnia and Herzegovina",September,21.1,26.1,16.7,12.4,33,68.6,https://weatherspark.com/y/82059/Average-Weather-in-Neum-Bosnia-&-Herzegovina-Year-Round
"Neum, Bosnia and Herzegovina",October,16.7,21.1,12.2,11,43,94,https://weatherspark.com/y/82059/Average-Weather-in-Neum-Bosnia-&-Herzegovina-Year-Round
"Neum, Bosnia and Herzegovina",November,11.7,15.6,7.8,9.7,50,119.4,https://weatherspark.com/y/82059/Average-Weather-in-Neum-Bosnia-&-Herzegovina-Year-Round
"Neum, Bosnia and Herzegovina",December,7.8,11.7,4.4,9.1,51,106.7,https://weatherspark.com/y/82059/Average-Weather-in-Neum-Bosnia-&-Herzegovina-Year-Round
"Durrës, Albania",January,8.3,13.3,3.9,9.6,48,76.2,https://weatherspark.com/y/84390/Average-Weather-in-Durr%C3%ABs-Albania-Year-Round
"Durrës, Albania",February,9.4,13.9,4.4,10.7,48,81.3,https://weatherspark.com/y/84390/Average-Weather-in-Durr%C3%ABs-Albania-Year-Round
"Durrës, Albania",March,11.7,16.1,7.2,12,46,66,https://weatherspark.com/y/84390/Average-Weather-in-Durr%C3%ABs-Albania-Year-Round
"Durrës, Albania",April,14.4,18.9,10,13.4,44,63.5,https://weatherspark.com/y/84390/Average-Weather-in-Durr%C3%ABs-Albania-Year-Round
"Durrës, Albania",May,18.3,22.8,13.9,14.5,38,40.6,https://weatherspark.com/y/84390/Average-Weather-in-Durr%C3%ABs-Albania-Year-Round
"Durrës, Albania",June,22.2,26.7,17.2,15.1,22,27.9,https://weatherspark.com/y/84390/Average-Weather-in-Durr%C3%ABs-Albania-Year-Round
"Durrës, Albania",July,24.4,28.9,19.4,14.8,9,15.2,https://weatherspark.com/y/84390/Average-Weather-in-Durr%C3%ABs-Albania-Year-Round
"Durrës, Albania",August,24.4,28.9,18.9,13.7,14,25.4,https://weatherspark.com/y/84390/Average-Weather-in-Durr%C3%ABs-Albania-Year-Round
"Durrës, Albania",September,21.1,26.1,16.1,12.4,28,66,https://weatherspark.com/y/84390/Average-Weather-in-Durr%C3%ABs-Albania-Year-Round
"Durrës, Albania",October,17.2,22.2,12.8,11,41,88.9,https://weatherspark.com/y/84390/Average-Weather-in-Durr%C3%ABs-Albania-Year-Round
"Durrës, Albania",November,12.8,17.8,8.9,9.9,47,109.2,https://weatherspark.com/y/84390/Average-Weather-in-Durr%C3%ABs-Albania-Year-Round
"Durrës, Albania",December,9.4,13.9,5.6,9.2,49,96.5,https://weatherspark.com/y/84390/Average-Weather-in-Durr%C3%ABs-Albania-Year-Round
"Larnaca, Cyprus",January,11.7,16.7,7.2,10.1,33,50.8,https://weatherspark.com/y/97663/Average-Weather-in-Larnaca-Cyprus-Year-Round
"Larnaca, Cyprus",February,11.7,16.7,7.2,11,31,38.1,https://weatherspark.com/y/97663/Average-Weather-in-Larnaca-Cyprus-Year-Round
"Larnaca, Cyprus",March,13.9,18.9,8.9,12,28,22.9,https://weatherspark.com/y/97663/Average-Weather-in-Larnaca-Cyprus-Year-Round
"Larnaca, Cyprus",April,17.8,22.8,11.7,13.1,26,10.2,https://weatherspark.com/y/97663/Average-Weather-in-Larnaca-Cyprus-Year-Round
"Larnaca, Cyprus",May,21.7,26.7,16.1,14,18,5.1,https://weatherspark.com/y/97663/Average-Weather-in-Larnaca-Cyprus-Year-Round
"Larnaca, Cyprus",June,25.6,30.6,20,14.5,3,0,https://weatherspark.com/y/97663/Average-Weather-in-Larnaca-Cyprus-Year-Round
"Larnaca, Cyprus",July,27.8,32.8,22.2,14.2,0,0,https://weatherspark.com/y/97663/Average-Weather-in-Larnaca-Cyprus-Year-Round
"Larnaca, Cyprus",August,28.3,32.8,22.8,13.4,0,0,https://weatherspark.com/y/97663/Average-Weather-in-Larnaca-Cyprus-Year-Round
"Larnaca, Cyprus",September,25.6,31.1,20,12.4,4,2.5,https://weatherspark.com/y/97663/Average-Weather-in-Larnaca-Cyprus-Year-Round
"Larnaca, Cyprus",October,22.2,27.2,16.7,11.3,20,12.7,https://weatherspark.com/y/97663/Average-Weather-in-Larnaca-Cyprus-Year-Round
"Larnaca, Cyprus",November,17.2,22.2,12.2,10.3,31,33,https://weatherspark.com/y/97663/Average-Weather-in-Larnaca-Cyprus-Year-Round
"Larnaca, Cyprus",December,13.3,18.3,8.9,9.9,34,53.3,https://weatherspark.com/y/97663/Average-Weather-in-Larnaca-Cyprus-Year-Round
"Aberystwyth, Wales",January,6.1,7.8,3.9,8.3,69,88.9,https://weatherspark.com/y/36293/Average-Weather-in-Aberystwyth-United-Kingdom-Year-Round
"Aberystwyth, Wales",February,5.6,7.8,3.9,10,65,68.6,https://weatherspark.com/y/36293/Average-Weather-in-Aberystwyth-United-Kingdom-Year-Round
"Aberystwyth, Wales",March,7.2,9.4,5,12,65,58.4,https://weatherspark.com/y/36293/Average-Weather-in-Aberystwyth-United-Kingdom-Year-Round
"Aberystwyth, Wales",April,8.9,11.7,6.1,14,57,45.7,https://weatherspark.com/y/36293/Average-Weather-in-Aberystwyth-United-Kingdom-Year-Round
"Aberystwyth, Wales",May,11.7,14.4,8.9,15.8,54,48.3,https://weatherspark.com/y/36293/Average-Weather-in-Aberystwyth-United-Kingdom-Year-Round
"Aberystwyth, Wales",June,13.9,16.7,11.1,16.7,52,53.3,https://weatherspark.com/y/36293/Average-Weather-in-Aberystwyth-United-Kingdom-Year-Round
"Aberystwyth, Wales",July,16.1,18.3,13.3,16.2,48,53.3,https://weatherspark.com/y/36293/Average-Weather-in-Aberystwyth-United-Kingdom-Year-Round
"Aberystwyth, Wales",August,16.1,18.3,13.3,14.6,49,58.4,https://weatherspark.com/y/36293/Average-Weather-in-Aberystwyth-United-Kingdom-Year-Round
"Aberystwyth, Wales",September,14.4,16.7,11.7,12.6,53,66,https://weatherspark.com/y/36293/Average-Weather-in-Aberystwyth-United-Kingdom-Year-Round
"Aberystwyth, Wales",October,11.7,13.9,8.9,10.5,62,88.9,https://weatherspark.com/y/36293/Average-Weather-in-Aberystwyth-United-Kingdom-Year-Round
"Aberystwyth, Wales",November,8.3,10.6,6.7,8.7,67,96.5,https://weatherspark.com/y/36293/Average-Weather-in-Aberystwyth-United-Kingdom-Year-Round
"Aberystwyth, Wales",December,6.7,8.3,4.4,7.8,69,99.1,https://weatherspark.com/y/36293/Average-Weather-in-Aberystwyth-United-Kingdom-Year-Round
"Liepāja, Latvia",January,-1.1,1.1,-3.3,7.6,70,30.5,https://weatherspark.com/y/87719/Average-Weather-in-Liep%C4%81ja-Latvia-Year-Round
"Liepāja, Latvia",February,-1.7,0.6,-3.9,9.6,67,22.9,https://weatherspark.com/y/87719/Average-Weather-in-Liep%C4%81ja-Latvia-Year-Round
"Liepāja, Latvia",March,1.1,3.9,-1.7,11.9,62,25.4,https://weatherspark.com/y/87719/Average-Weather-in-Liep%C4%81ja-Latvia-Year-Round
"Liepāja, Latvia",April,5.6,9.4,2.2,14.3,56,27.9,https://weatherspark.com/y/87719/Average-Weather-in-Liep%C4%81ja-Latvia-Year-Round
"Liepāja, Latvia",May,11.1,14.4,6.7,16.5,49,33,https://weatherspark.com/y/87719/Average-Weather-in-Liep%C4%81ja-Latvia-Year-Round
"Liepāja, Latvia",June,14.4,17.2,10.6,17.7,45,45.7,https://weatherspark.com/y/87719/Average-Weather-in-Liep%C4%81ja-Latvia-Year-Round
"Liepāja, Latvia",July,17.2,20.6,13.3,17,43,50.8,https://weatherspark.com/y/87719/Average-Weather-in-Liep%C4%81ja-Latvia-Year-Round
"Liepāja, Latvia",August,17.2,20,13.3,15,46,55.9,https://weatherspark.com/y/87719/Average-Weather-in-Liep%C4%81ja-Latvia-Year-Round
"Liepāja, Latvia",September,13.3,16.1,10,12.7,49,53.3,https://weatherspark.com/y/87719/Average-Weather-in-Liep%C4%81ja-Latvia-Year-Round
"Liepāja, Latvia",October,8.3,11.1,5.6,10.3,57,58.4,https://weatherspark.com/y/87719/Average-Weather-in-Liep%C4%81ja-Latvia-Year-Round
"Liepāja, Latvia",November,3.9,5.6,2.2,8.1,67,53.3,https://weatherspark.com/y/87719/Average-Weather-in-Liep%C4%81ja-Latvia-Year-Round
"Liepāja, Latvia",December,1.1,2.8,-1.1,6.9,69,38.1,https://weatherspark.com/y/87719/Average-Weather-in-Liep%C4%81ja-Latvia-Year-Round
"Essaouira, Morocco",January,14.4,18.3,10.6,10.4,33,30.5,https://weatherspark.com/y/31978/Average-Weather-in-Essaouira-Morocco-Year-Round
"Essaouira, Morocco",February,15,18.9,11.7,11.1,31,27.9,https://weatherspark.com/y/31978/Average-Weather-in-Essaouira-Morocco-Year-Round
"Essaouira, Morocco",March,16.7,20.6,13.3,12,31,22.9,https://weatherspark.com/y/31978/Average-Weather-in-Essaouira-Morocco-Year-Round
"Essaouira, Morocco",April,17.8,20.6,14.4,13,26,12.7,https://weatherspark.com/y/31978/Average-Weather-in-Essaouira-Morocco-Year-Round
"Essaouira, Morocco",May,18.9,21.7,16.1,13.8,22,5.1,https://weatherspark.com/y/31978/Average-Weather-in-Essaouira-Morocco-Year-Round
"Essaouira, Morocco",June,20.6,22.8,17.8,14.2,12,0,https://weatherspark.com/y/31978/Average-Weather-in-Essaouira-Morocco-Year-Round
"Essaouira, Morocco",July,21.7,25,18.9,14,4,0,https://weatherspark.com/y/31978/Average-Weather-in-Essaouira-Morocco-Year-Round
"Essaouira, Morocco",August,22.2,25.6,19.4,13.2,8,0,https://weatherspark.com/y/31978/Average-Weather-in-Essaouira-Morocco-Year-Round
"Essaouira, Morocco",September,21.7,24.4,18.9,12.3,25,2.5,https://weatherspark.com/y/31978/Average-Weather-in-Essaouira-Morocco-Year-Round
"Essaouira, Morocco",October,20.6,23.3,17.2,11.4,36,15.2,https://weatherspark.com/y/31978/Average-Weather-in-Essaouira-Morocco-Year-Round
"Essaouira, Morocco",November,17.8,21.1,14.4,10.5,35,35.6,https://weatherspark.com/y/31978/Average-Weather-in-Essaouira-Morocco-Year-Round
"Essaouira, Morocco",December,15.6,19.4,11.7,10.1,35,35.6,https://weatherspark.com/y/31978/Average-Weather-in-Essaouira-Morocco-Year-Round
"Naáxos, Greece",January,11.7,13.9,9.4,9.9,38,61,https://weatherspark.com/y/91786/Average-Weather-in-N%C3%A1xos-Greece-Year-Round
"Naáxos, Greece",February,11.7,13.9,9.4,10.9,38,61,https://weatherspark.com/y/91786/Average-Weather-in-N%C3%A1xos-Greece-Year-Round
"Naáxos, Greece",March,12.8,15.6,10,12,34,40.6,https://weatherspark.com/y/91786/Average-Weather-in-N%C3%A1xos-Greece-Year-Round
"Naáxos, Greece",April,15.6,18.9,12.8,13.2,31,17.8,https://weatherspark.com/y/91786/Average-Weather-in-N%C3%A1xos-Greece-Year-Round
"Naáxos, Greece",May,19.4,23.3,16.1,14.2,24,10.2,https://weatherspark.com/y/91786/Average-Weather-in-N%C3%A1xos-Greece-Year-Round
"Naáxos, Greece",June,23.9,27.8,20,14.7,8,2.5,https://weatherspark.com/y/91786/Average-Weather-in-N%C3%A1xos-Greece-Year-Round
"Naáxos, Greece",July,26.1,29.4,22.2,14.4,1,0,https://weatherspark.com/y/91786/Average-Weather-in-N%C3%A1xos-Greece-Year-Round
"Naáxos, Greece",August,26.1,28.9,22.8,13.5,2,0,https://weatherspark.com/y/91786/Average-Weather-in-N%C3%A1xos-Greece-Year-Round
"Naáxos, Greece",September,23.3,26.7,20.6,12.4,12,7.6,https://weatherspark.com/y/91786/Average-Weather-in-N%C3%A1xos-Greece-Year-Round
"Naáxos, Greece",October,20,22.8,17.2,11.2,29,30.5,https://weatherspark.com/y/91786/Average-Weather-in-N%C3%A1xos-Greece-Year-Round
"Naáxos, Greece",November,16.1,18.3,13.3,10.2,38,55.9,https://weatherspark.com/y/91786/Average-Weather-in-N%C3%A1xos-Greece-Year-Round
"Naáxos, Greece",December,12.8,15.6,10.6,9.7,40,63.5,https://weatherspark.com/y/91786/Average-Weather-in-N%C3%A1xos-Greece-Year-Round
"Valdivia, Chile",January,15.6,21.7,10,14.6,24,33,https://weatherspark.com/y/24136/Average-Weather-in-Valdivia-Chile-Year-Round
"Valdivia, Chile",February,15.6,21.7,10,13.6,23,35.6,https://weatherspark.com/y/24136/Average-Weather-in-Valdivia-Chile-Year-Round
"Valdivia, Chile",March,13.9,20,8.9,12.3,34,50.8,https://weatherspark.com/y/24136/Average-Weather-in-Valdivia-Chile-Year-Round
"Valdivia, Chile",April,11.1,16.1,7.2,11,51,88.9,https://weatherspark.com/y/24136/Average-Weather-in-Valdivia-Chile-Year-Round
"Valdivia, Chile",May,10,13.3,6.7,9.9,66,157.5,https://weatherspark.com/y/24136/Average-Weather-in-Valdivia-Chile-Year-Round
"Valdivia, Chile",June,8.3,11.7,5.6,9.4,71,190.5,https://weatherspark.com/y/24136/Average-Weather-in-Valdivia-Chile-Year-Round
"Valdivia, Chile",July,7.8,11.1,5,9.7,70,165.1,https://weatherspark.com/y/24136/Average-Weather-in-Valdivia-Chile-Year-Round
"Valdivia, Chile",August,8.3,12.2,5,10.7,65,132.1,https://weatherspark.com/y/24136/Average-Weather-in-Valdivia-Chile-Year-Round
"Valdivia, Chile",September,9.4,13.9,5.6,11.9,57,88.9,https://weatherspark.com/y/24136/Average-Weather-in-Valdivia-Chile-Year-Round
"Valdivia, Chile",October,10.6,15,6.7,13.2,51,63.5,https://weatherspark.com/y/24136/Average-Weather-in-Valdivia-Chile-Year-Round
"Valdivia, Chile",November,12.2,17.2,7.8,14.4,42,53.3,https://weatherspark.com/y/24136/Average-Weather-in-Valdivia-Chile-Year-Round
"Valdivia, Chile",December,14.4,19.4,9.4,14.9,32,40.6,https://weatherspark.com/y/24136/Average-Weather-in-Valdivia-Chile-Year-Round
"Quellón, Chile",January,14.4,17.8,11.1,14.9,44,73.7,https://weatherspark.com/y/24127/Average-Weather-in-Quell%C3%B3n-Chile-Year-Round
"Quellón, Chile",February,14.4,17.8,11.1,13.7,42,76.2,https://weatherspark.com/y/24127/Average-Weather-in-Quell%C3%B3n-Chile-Year-Round
"Quellón, Chile",March,13.3,16.1,10.6,12.3,50,91.4,https://weatherspark.com/y/24127/Average-Weather-in-Quell%C3%B3n-Chile-Year-Round
"Quellón, Chile",April,11.1,13.9,8.9,10.8,58,109.2,https://weatherspark.com/y/24127/Average-Weather-in-Quell%C3%B3n-Chile-Year-Round
"Quellón, Chile",May,9.4,12.2,7.8,9.6,67,160,https://weatherspark.com/y/24127/Average-Weather-in-Quell%C3%B3n-Chile-Year-Round
"Quellón, Chile",June,8.3,10.6,6.1,9,68,172.7,https://weatherspark.com/y/24127/Average-Weather-in-Quell%C3%B3n-Chile-Year-Round
"Quellón, Chile",July,7.8,10,5.6,9.4,67,147.3,https://weatherspark.com/y/24127/Average-Weather-in-Quell%C3%B3n-Chile-Year-Round
"Quellón, Chile",August,7.8,10.6,6.1,10.5,64,144.8,https://weatherspark.com/y/24127/Average-Weather-in-Quell%C3%B3n-Chile-Year-Round
"Quellón, Chile",September,8.9,11.7,6.1,11.9,60,111.8,https://weatherspark.com/y/24127/Average-Weather-in-Quell%C3%B3n-Chile-Year-Round
"Quellón, Chile",October,10,12.8,7.2,13.3,56,99.1,https://weatherspark.com/y/24127/Average-Weather-in-Quell%C3%B3n-Chile-Year-Round
"Quellón, Chile",November,11.1,14.4,8.9,14.7,52,96.5,https://weatherspark.com/y/24127/Average-Weather-in-Quell%C3%B3n-Chile-Year-Round
"Quellón, Chile",December,13.3,16.1,10,15.3,50,86.4,https://weatherspark.com/y/24127/Average-Weather-in-Quell%C3%B3n-Chile-Year-Round
"Siena, Italy",January,4.4,9.4,0,9.4,53,40.6,https://weatherspark.com/y/68930/Average-Weather-in-Siena-Italy-Year-Round
"Siena, Italy",February,5,10.6,0.6,10.5,48,45.7,https://weatherspark.com/y/68930/Average-Weather-in-Siena-Italy-Year-Round
"Siena, Italy",March,8.3,13.9,2.8,12,47,43.2,https://weatherspark.com/y/68930/Average-Weather-in-Siena-Italy-Year-Round
"Siena, Italy",April,11.7,17.8,5.6,13.5,47,48.3,https://weatherspark.com/y/68930/Average-Weather-in-Siena-Italy-Year-Round
"Siena, Italy",May,16.1,22.2,9.4,14.7,42,43.2,https://weatherspark.com/y/68930/Average-Weather-in-Siena-Italy-Year-Round
"Siena, Italy",June,20.6,26.7,13.3,15.3,30,33,https://weatherspark.com/y/68930/Average-Weather-in-Siena-Italy-Year-Round
"Siena, Italy",July,23.3,30.6,15.6,15,17,20.3,https://weatherspark.com/y/68930/Average-Weather-in-Siena-Italy-Year-Round
"Siena, Italy",August,23.3,30,15.6,13.9,22,30.5,https://weatherspark.com/y/68930/Average-Weather-in-Siena-Italy-Year-Round
"Siena, Italy",September,18.9,25,12.8,12.4,34,61,https://weatherspark.com/y/68930/Average-Weather-in-Siena-Italy-Year-Round
"Siena, Italy",October,13.9,19.4,8.9,11,45,76.2,https://weatherspark.com/y/68930/Average-Weather-in-Siena-Italy-Year-Round
"Siena, Italy",November,8.3,13.3,4.4,9.7,51,83.8,https://weatherspark.com/y/68930/Average-Weather-in-Siena-Italy-Year-Round
"Siena, Italy",December,5,9.4,1.1,9,52,55.9,https://weatherspark.com/y/68930/Average-Weather-in-Siena-Italy-Year-Round
"Taipei, Taiwan",January,16.1,18.9,13.9,10.8,50,63.5,https://weatherspark.com/y/137170/Average-Weather-in-Taipei-Taiwan-Year-Round
"Taipei, Taiwan",February,16.7,19.4,14.4,11.3,50,96.5,https://weatherspark.com/y/137170/Average-Weather-in-Taipei-Taiwan-Year-Round
"Taipei, Taiwan",March,18.3,21.7,16.1,12,47,104.1,https://weatherspark.com/y/137170/Average-Weather-in-Taipei-Taiwan-Year-Round
"Taipei, Taiwan",April,21.7,25.6,19.4,12.8,55,116.8,https://weatherspark.com/y/137170/Average-Weather-in-Taipei-Taiwan-Year-Round
"Taipei, Taiwan",May,25,28.3,22.8,13.4,67,177.8,https://weatherspark.com/y/137170/Average-Weather-in-Taipei-Taiwan-Year-Round
"Taipei, Taiwan",June,27.8,31.7,25,13.7,81,185.4,https://weatherspark.com/y/137170/Average-Weather-in-Taipei-Taiwan-Year-Round
"Taipei, Taiwan",July,29.4,33.3,26.7,13.5,76,114.3,https://weatherspark.com/y/137170/Average-Weather-in-Taipei-Taiwan-Year-Round
"Taipei, Taiwan",August,28.9,32.8,26.1,13,72,170.2,https://weatherspark.com/y/137170/Average-Weather-in-Taipei-Taiwan-Year-Round
"Taipei, Taiwan",September,27.2,30.6,24.4,12.3,58,198.1,https://weatherspark.com/y/137170/Average-Weather-in-Taipei-Taiwan-Year-Round
"Taipei, Taiwan",October,24.4,27.2,22.2,11.5,40,116.8,https://weatherspark.com/y/137170/Average-Weather-in-Taipei-Taiwan-Year-Round
"Taipei, Taiwan",November,21.1,23.9,18.9,10.9,42,91.4,https://weatherspark.com/y/137170/Average-Weather-in-Taipei-Taiwan-Year-Round
"Taipei, Taiwan",December,17.8,20.6,15.6,10.6,46,66,https://weatherspark.com/y/137170/Average-Weather-in-Taipei-Taiwan-Year-Round
"León, nicaragua",January,27.8,32.8,23.3,11.5,23,0,https://weatherspark.com/y/14373/Average-Weather-in-Le%C3%B3n-Nicaragua-Year-Round
"León, nicaragua",February,28.3,33.3,23.3,11.7,28,2.5,https://weatherspark.com/y/14373/Average-Weather-in-Le%C3%B3n-Nicaragua-Year-Round
"León, nicaragua",March,28.9,33.9,23.9,12.1,34,5.1,https://weatherspark.com/y/14373/Average-Weather-in-Le%C3%B3n-Nicaragua-Year-Round
"León, nicaragua",April,29.4,34.4,25,12.4,58,17.8,https://weatherspark.com/y/14373/Average-Weather-in-Le%C3%B3n-Nicaragua-Year-Round
"León, nicaragua",May,28.9,33.3,25,12.7,83,106.7,https://weatherspark.com/y/14373/Average-Weather-in-Le%C3%B3n-Nicaragua-Year-Round
"León, nicaragua",June,27.8,31.7,24.4,12.8,87,142.2,https://weatherspark.com/y/14373/Average-Weather-in-Le%C3%B3n-Nicaragua-Year-Round
"León, nicaragua",July,27.8,32.2,24.4,12.8,80,76.2,https://weatherspark.com/y/14373/Average-Weather-in-Le%C3%B3n-Nicaragua-Year-Round
"León, nicaragua",August,27.8,32.2,24.4,12.5,78,104.1,https://weatherspark.com/y/14373/Average-Weather-in-Le%C3%B3n-Nicaragua-Year-Round
"León, nicaragua",September,26.7,31.7,23.9,12.2,82,182.9,https://weatherspark.com/y/14373/Average-Weather-in-Le%C3%B3n-Nicaragua-Year-Round
"León, nicaragua",October,26.7,31.1,23.3,11.8,79,149.9,https://weatherspark.com/y/14373/Average-Weather-in-Le%C3%B3n-Nicaragua-Year-Round
"León, nicaragua",November,27.2,32.2,23.3,11.5,57,38.1,https://weatherspark.com/y/14373/Average-Weather-in-Le%C3%B3n-Nicaragua-Year-Round
"León, nicaragua",December,27.8,32.8,23.3,11.4,31,7.6,https://weatherspark.com/y/14373/Average-Weather-in-Le%C3%B3n-Nicaragua-Year-Round
"Granada, Nicaragua",January,26.1,31.1,22.2,11.5,24,0,https://weatherspark.com/y/14922/Average-Weather-in-Granada-Nicaragua-Year-Round
"Granada, Nicaragua",February,26.7,31.7,22.2,11.8,30,2.5,https://weatherspark.com/y/14922/Average-Weather-in-Granada-Nicaragua-Year-Round
"Granada, Nicaragua",March,27.8,32.8,22.8,12.1,35,2.5,https://weatherspark.com/y/14922/Average-Weather-in-Granada-Nicaragua-Year-Round
"Granada, Nicaragua",April,28.9,33.9,24.4,12.4,58,12.7,https://weatherspark.com/y/14922/Average-Weather-in-Granada-Nicaragua-Year-Round
"Granada, Nicaragua",May,28.9,33.3,25,12.7,82,91.4,https://weatherspark.com/y/14922/Average-Weather-in-Granada-Nicaragua-Year-Round
"Granada, Nicaragua",June,27.8,31.7,24.4,12.8,88,121.9,https://weatherspark.com/y/14922/Average-Weather-in-Granada-Nicaragua-Year-Round
"Granada, Nicaragua",July,27.2,31.1,23.9,12.7,82,68.6,https://weatherspark.com/y/14922/Average-Weather-in-Granada-Nicaragua-Year-Round
"Granada, Nicaragua",August,27.2,31.7,23.9,12.5,81,94,https://weatherspark.com/y/14922/Average-Weather-in-Granada-Nicaragua-Year-Round
"Granada, Nicaragua",September,27.2,31.1,23.9,12.2,83,165.1,https://weatherspark.com/y/14922/Average-Weather-in-Granada-Nicaragua-Year-Round
"Granada, Nicaragua",October,26.7,31.1,23.9,11.8,80,149.9,https://weatherspark.com/y/14922/Average-Weather-in-Granada-Nicaragua-Year-Round
"Granada, Nicaragua",November,26.7,31.1,22.8,11.6,60,45.7,https://weatherspark.com/y/14922/Average-Weather-in-Granada-Nicaragua-Year-Round
"Granada, Nicaragua",December,26.7,31.1,22.2,11.4,33,7.6,https://weatherspark.com/y/14922/Average-Weather-in-Granada-Nicaragua-Year-Round
"Kuta, Lombok, Indonesia",January,27.8,30.6,25,12.6,87,226.1,https://weatherspark.com/y/130084/Average-Weather-in-Kute-Indonesia-Year-Round
"Kuta, Lombok, Indonesia",February,27.8,30.6,25,12.4,85,223.5,https://weatherspark.com/y/130084/Average-Weather-in-Kute-Indonesia-Year-Round
"Kuta, Lombok, Indonesia",March,27.2,31.1,24.4,12.1,78,154.9,https://weatherspark.com/y/130084/Average-Weather-in-Kute-Indonesia-Year-Round
"Kuta, Lombok, Indonesia",April,27.8,31.1,24.4,11.9,73,99.1,https://weatherspark.com/y/130084/Average-Weather-in-Kute-Indonesia-Year-Round
"Kuta, Lombok, Indonesia",May,27.2,31.1,23.9,11.7,62,58.4,https://weatherspark.com/y/130084/Average-Weather-in-Kute-Indonesia-Year-Round
"Kuta, Lombok, Indonesia",June,26.1,30.6,22.8,11.6,56,30.5,https://weatherspark.com/y/130084/Average-Weather-in-Kute-Indonesia-Year-Round
"Kuta, Lombok, Indonesia",July,25.6,30,22.2,11.7,52,20.3,https://weatherspark.com/y/130084/Average-Weather-in-Kute-Indonesia-Year-Round
"Kuta, Lombok, Indonesia",August,25.6,30,22.2,11.8,50,10.2,https://weatherspark.com/y/130084/Average-Weather-in-Kute-Indonesia-Year-Round
"Kuta, Lombok, Indonesia",September,26.7,30,23.3,12.1,57,27.9,https://weatherspark.com/y/130084/Average-Weather-in-Kute-Indonesia-Year-Round
"Kuta, Lombok, Indonesia",October,27.2,31.1,24.4,12.3,67,71.1,https://weatherspark.com/y/130084/Average-Weather-in-Kute-Indonesia-Year-Round
"Kuta, Lombok, Indonesia",November,27.8,31.1,25,12.5,81,144.8,https://weatherspark.com/y/130084/Average-Weather-in-Kute-Indonesia-Year-Round
"Kuta, Lombok, Indonesia",December,27.8,30.6,25,12.6,86,203.2,https://weatherspark.com/y/130084/Average-Weather-in-Kute-Indonesia-Year-Round
"Taroudant, Morocco",January,13.3,21.7,7.2,10.4,29,27.9,https://weatherspark.com/y/32140/Average-Weather-in-Taroudant-Morocco-Year-Round
"Taroudant, Morocco",February,15.6,23.3,8.9,11.1,27,33,https://weatherspark.com/y/32140/Average-Weather-in-Taroudant-Morocco-Year-Round
"Taroudant, Morocco",March,18.3,25.6,11.1,12,28,27.9,https://weatherspark.com/y/32140/Average-Weather-in-Taroudant-Morocco-Year-Round
"Taroudant, Morocco",April,20,27.2,13.3,13,23,15.2,https://weatherspark.com/y/32140/Average-Weather-in-Taroudant-Morocco-Year-Round
"Taroudant, Morocco",May,22.8,30,16.1,13.7,21,7.6,https://weatherspark.com/y/32140/Average-Weather-in-Taroudant-Morocco-Year-Round
"Taroudant, Morocco",June,26.1,33.3,19.4,14.1,11,2.5,https://weatherspark.com/y/32140/Average-Weather-in-Taroudant-Morocco-Year-Round
"Taroudant, Morocco",July,28.9,36.7,22.2,13.9,4,2.5,https://weatherspark.com/y/32140/Average-Weather-in-Taroudant-Morocco-Year-Round
"Taroudant, Morocco",August,28.9,36.1,22.2,13.2,8,2.5,https://weatherspark.com/y/32140/Average-Weather-in-Taroudant-Morocco-Year-Round
"Taroudant, Morocco",September,26.1,32.8,20,12.3,24,5.1,https://weatherspark.com/y/32140/Average-Weather-in-Taroudant-Morocco-Year-Round
"Taroudant, Morocco",October,22.2,29.4,16.1,11.4,34,17.8,https://weatherspark.com/y/32140/Average-Weather-in-Taroudant-Morocco-Year-Round
"Taroudant, Morocco",November,17.8,25.6,11.7,10.6,32,35.6,https://weatherspark.com/y/32140/Average-Weather-in-Taroudant-Morocco-Year-Round
"Taroudant, Morocco",December,14.4,22.2,8.3,10.2,32,33,https://weatherspark.com/y/32140/Average-Weather-in-Taroudant-Morocco-Year-Round
"Timbuktu, Mali",January,20.6,28.3,14.4,11.3,38,0,https://weatherspark.com/y/36520/Average-Weather-in-Timbuktu-Mali-Year-Round
"Timbuktu, Mali",February,23.9,31.7,16.7,11.6,34,0,https://weatherspark.com/y/36520/Average-Weather-in-Timbuktu-Mali-Year-Round
"Timbuktu, Mali",March,28.3,35.6,20.6,12.1,33,0,https://weatherspark.com/y/36520/Average-Weather-in-Timbuktu-Mali-Year-Round
"Timbuktu, Mali",April,32.2,39.4,24.4,12.5,36,0,https://weatherspark.com/y/36520/Average-Weather-in-Timbuktu-Mali-Year-Round
"Timbuktu, Mali",May,35,41.7,27.8,12.9,37,2.5,https://weatherspark.com/y/36520/Average-Weather-in-Timbuktu-Mali-Year-Round
"Timbuktu, Mali",June,35,41.1,29.4,13.1,33,10.2,https://weatherspark.com/y/36520/Average-Weather-in-Timbuktu-Mali-Year-Round
"Timbuktu, Mali",July,32.8,38.3,27.8,13,45,43.2,https://weatherspark.com/y/36520/Average-Weather-in-Timbuktu-Mali-Year-Round
"Timbuktu, Mali",August,31.1,36.7,26.7,12.7,52,53.3,https://weatherspark.com/y/36520/Average-Weather-in-Timbuktu-Mali-Year-Round
"Timbuktu, Mali",September,32.2,37.8,26.1,12.2,42,27.9,https://weatherspark.com/y/36520/Average-Weather-in-Timbuktu-Mali-Year-Round
"Timbuktu, Mali",October,31.1,37.8,23.9,11.7,36,5.1,https://weatherspark.com/y/36520/Average-Weather-in-Timbuktu-Mali-Year-Round
"Timbuktu, Mali",November,26.7,33.9,18.9,11.3,41,0,https://weatherspark.com/y/36520/Average-Weather-in-Timbuktu-Mali-Year-Round
"Timbuktu, Mali",December,21.7,29.4,15,11.1,43,0,https://weatherspark.com/y/36520/Average-Weather-in-Timbuktu-Mali-Year-Round
"Muscat, Oman",January,21.1,24.4,17.8,10.9,18,10.2,https://weatherspark.com/y/105797/Average-Weather-in-Muscat-Oman-Year-Round
"Muscat, Oman",February,22.2,25.6,18.3,11.4,18,15.2,https://weatherspark.com/y/105797/Average-Weather-in-Muscat-Oman-Year-Round
"Muscat, Oman",March,25,28.3,21.1,12,23,15.2,https://weatherspark.com/y/105797/Average-Weather-in-Muscat-Oman-Year-Round
"Muscat, Oman",April,29.4,33.3,25.6,12.7,24,10.2,https://weatherspark.com/y/105797/Average-Weather-in-Muscat-Oman-Year-Round
"Muscat, Oman",May,33.9,37.8,29.4,13.3,16,5.1,https://weatherspark.com/y/105797/Average-Weather-in-Muscat-Oman-Year-Round
"Muscat, Oman",June,34.4,37.8,31.1,13.6,38,5.1,https://weatherspark.com/y/105797/Average-Weather-in-Muscat-Oman-Year-Round
"Muscat, Oman",July,32.8,36.1,30,13.4,51,5.1,https://weatherspark.com/y/105797/Average-Weather-in-Muscat-Oman-Year-Round
"Muscat, Oman",August,31.1,34.4,28.3,12.9,42,5.1,https://weatherspark.com/y/105797/Average-Weather-in-Muscat-Oman-Year-Round
"Muscat, Oman",September,30.6,33.9,27.2,12.3,21,2.5,https://weatherspark.com/y/105797/Average-Weather-in-Muscat-Oman-Year-Round
"Muscat, Oman",October,29.4,32.8,25,11.6,9,2.5,https://weatherspark.com/y/105797/Average-Weather-in-Muscat-Oman-Year-Round
"Muscat, Oman",November,25.6,28.9,21.7,11,14,5.1,https://weatherspark.com/y/105797/Average-Weather-in-Muscat-Oman-Year-Round
"Muscat, Oman",December,22.8,25.6,18.9,10.7,19,5.1,https://weatherspark.com/y/105797/Average-Weather-in-Muscat-Oman-Year-Round
"Beirut, Lebanon",January,14.4,17.2,11.7,10.2,37,73.7,https://weatherspark.com/y/99217/Average-Weather-in-Beirut-Lebanon-Year-Round
"Beirut, Lebanon",February,14.4,17.2,11.7,11,35,63.5,https://weatherspark.com/y/99217/Average-Weather-in-Beirut-Lebanon-Year-Round
"Beirut, Lebanon",March,16.1,19.4,13.3,12,32,35.6,https://weatherspark.com/y/99217/Average-Weather-in-Beirut-Lebanon-Year-Round
"Beirut, Lebanon",April,18.9,22.2,15.6,13.1,29,15.2,https://weatherspark.com/y/99217/Average-Weather-in-Beirut-Lebanon-Year-Round
"Beirut, Lebanon",May,21.7,25,18.9,13.9,18,5.1,https://weatherspark.com/y/99217/Average-Weather-in-Beirut-Lebanon-Year-Round
"Beirut, Lebanon",June,25,27.2,22.2,14.4,3,0,https://weatherspark.com/y/99217/Average-Weather-in-Beirut-Lebanon-Year-Round
"Beirut, Lebanon",July,27.2,29.4,24.4,14.1,0,0,https://weatherspark.com/y/99217/Average-Weather-in-Beirut-Lebanon-Year-Round
"Beirut, Lebanon",August,27.8,30,25.6,13.4,0,0,https://weatherspark.com/y/99217/Average-Weather-in-Beirut-Lebanon-Year-Round
"Beirut, Lebanon",September,26.7,28.9,24.4,12.3,4,2.5,https://weatherspark.com/y/99217/Average-Weather-in-Beirut-Lebanon-Year-Round
"Beirut, Lebanon",October,23.9,26.7,21.1,11.3,20,17.8,https://weatherspark.com/y/99217/Average-Weather-in-Beirut-Lebanon-Year-Round
"Beirut, Lebanon",November,20,22.8,16.7,10.4,31,50.8,https://weatherspark.com/y/99217/Average-Weather-in-Beirut-Lebanon-Year-Round
"Beirut, Lebanon",December,16.1,18.9,13.3,9.9,37,71.1,https://weatherspark.com/y/99217/Average-Weather-in-Beirut-Lebanon-Year-Round
"Tyre, Lebanon",January,13.9,16.7,11.1,10.2,35,91.4,https://weatherspark.com/y/99205/Average-Weather-in-Tyre-Lebanon-Year-Round
"Tyre, Lebanon",February,14.4,17.2,11.1,11,33,83.8,https://weatherspark.com/y/99205/Average-Weather-in-Tyre-Lebanon-Year-Round
"Tyre, Lebanon",March,16.1,18.9,12.8,12,29,50.8,https://weatherspark.com/y/99205/Average-Weather-in-Tyre-Lebanon-Year-Round
"Tyre, Lebanon",April,18.9,21.7,15,13,27,20.3,https://weatherspark.com/y/99205/Average-Weather-in-Tyre-Lebanon-Year-Round
"Tyre, Lebanon",May,21.7,24.4,18.3,13.9,18,7.6,https://weatherspark.com/y/99205/Average-Weather-in-Tyre-Lebanon-Year-Round
"Tyre, Lebanon",June,24.4,27.2,21.7,14.3,3,2.5,https://weatherspark.com/y/99205/Average-Weather-in-Tyre-Lebanon-Year-Round
"Tyre, Lebanon",July,26.7,29.4,23.9,14.1,0,0,https://weatherspark.com/y/99205/Average-Weather-in-Tyre-Lebanon-Year-Round
"Tyre, Lebanon",August,27.8,30,24.4,13.3,0,0,https://weatherspark.com/y/99205/Average-Weather-in-Tyre-Lebanon-Year-Round
"Tyre, Lebanon",September,26.1,28.9,23.3,12.3,3,2.5,https://weatherspark.com/y/99205/Average-Weather-in-Tyre-Lebanon-Year-Round
"Tyre, Lebanon",October,23.9,26.7,20,11.3,18,20.3,https://weatherspark.com/y/99205/Average-Weather-in-Tyre-Lebanon-Year-Round
"Tyre, Lebanon",November,19.4,22.2,16.1,10.4,29,58.4,https://weatherspark.com/y/99205/Average-Weather-in-Tyre-Lebanon-Year-Round
"Tyre, Lebanon",December,15.6,18.3,12.8,10,35,86.4,https://weatherspark.com/y/99205/Average-Weather-in-Tyre-Lebanon-Year-Round
"Tromsø, Norway",January,-3.9,-1.7,-6.1,1.8,79,43.2,https://weatherspark.com/y/84211/Average-Weather-in-Troms%C3%B8-Norway-Year-Round
"Tromsø, Norway",February,-3.3,-1.7,-6.1,7.4,78,43.2,https://weatherspark.com/y/84211/Average-Weather-in-Troms%C3%B8-Norway-Year-Round
"Tromsø, Norway",March,-2.2,0.6,-4.4,11.9,76,40.6,https://weatherspark.com/y/84211/Average-Weather-in-Troms%C3%B8-Norway-Year-Round
"Tromsø, Norway",April,1.1,3.3,-1.7,16.4,69,40.6,https://weatherspark.com/y/84211/Average-Weather-in-Troms%C3%B8-Norway-Year-Round
"Tromsø, Norway",May,5.6,7.8,2.8,22.3,60,50.8,https://weatherspark.com/y/84211/Average-Weather-in-Troms%C3%B8-Norway-Year-Round
"Tromsø, Norway",June,9.4,12.2,6.7,24,58,61,https://weatherspark.com/y/84211/Average-Weather-in-Troms%C3%B8-Norway-Year-Round
"Tromsø, Norway",July,12.2,15,8.9,23.5,60,76.2,https://weatherspark.com/y/84211/Average-Weather-in-Troms%C3%B8-Norway-Year-Round
"Tromsø, Norway",August,11.1,13.9,7.8,17.8,61,73.7,https://weatherspark.com/y/84211/Average-Weather-in-Troms%C3%B8-Norway-Year-Round
"Tromsø, Norway",September,7.2,10,4.4,13.2,66,88.9,https://weatherspark.com/y/84211/Average-Weather-in-Troms%C3%B8-Norway-Year-Round
"Tromsø, Norway",October,2.8,5,0.6,8.8,74,91.4,https://weatherspark.com/y/84211/Average-Weather-in-Troms%C3%B8-Norway-Year-Round
"Tromsø, Norway",November,-0.6,1.7,-2.8,3.5,77,61,https://weatherspark.com/y/84211/Average-Weather-in-Troms%C3%B8-Norway-Year-Round
"Tromsø, Norway",December,-2.2,-0.6,-5,0,79,53.3,https://weatherspark.com/y/84211/Average-Weather-in-Troms%C3%B8-Norway-Year-Round
"El Nido, Philippines",January,27.2,27.8,26.1,11.6,65,12.7,https://weatherspark.com/y/133187/Average-Weather-in-El-Nido-Philippines-Year-Round
"El Nido, Philippines",February,27.2,27.8,26.1,11.8,59,7.6,https://weatherspark.com/y/133187/Average-Weather-in-El-Nido-Philippines-Year-Round
"El Nido, Philippines",March,27.8,28.9,27.2,12.1,59,10.2,https://weatherspark.com/y/133187/Average-Weather-in-El-Nido-Philippines-Year-Round
"El Nido, Philippines",April,28.9,30,28.3,12.4,70,27.9,https://weatherspark.com/y/133187/Average-Weather-in-El-Nido-Philippines-Year-Round
"El Nido, Philippines",May,28.9,30,28.3,12.6,87,114.3,https://weatherspark.com/y/133187/Average-Weather-in-El-Nido-Philippines-Year-Round
"El Nido, Philippines",June,28.3,28.9,27.8,12.8,92,251.5,https://weatherspark.com/y/133187/Average-Weather-in-El-Nido-Philippines-Year-Round
"El Nido, Philippines",July,27.8,28.3,27.2,12.7,92,304.8,https://weatherspark.com/y/133187/Average-Weather-in-El-Nido-Philippines-Year-Round
"El Nido, Philippines",August,27.8,28.3,27.2,12.5,92,287,https://weatherspark.com/y/133187/Average-Weather-in-El-Nido-Philippines-Year-Round
"El Nido, Philippines",September,27.8,28.3,27.2,12.2,92,254,https://weatherspark.com/y/133187/Average-Weather-in-El-Nido-Philippines-Year-Round
"El Nido, Philippines",October,27.8,28.3,27.2,11.9,88,172.7,https://weatherspark.com/y/133187/Average-Weather-in-El-Nido-Philippines-Year-Round
"El Nido, Philippines",November,27.8,28.3,27.2,11.6,82,101.6,https://weatherspark.com/y/133187/Average-Weather-in-El-Nido-Philippines-Year-Round
"El Nido, Philippines",December,27.8,28.3,27.2,11.5,72,53.3,https://weatherspark.com/y/133187/Average-Weather-in-El-Nido-Philippines-Year-Round
"Rovinj, Croatia",January,5.6,8.9,2.2,9.2,52,55.9,https://weatherspark.com/y/75036/Average-Weather-in-Rovinj-Croatia-Year-Round
"Rovinj, Croatia",February,5.6,10,2.2,10.5,49,61,https://weatherspark.com/y/75036/Average-Weather-in-Rovinj-Croatia-Year-Round
"Rovinj, Croatia",March,8.9,13.3,5,12,49,55.9,https://weatherspark.com/y/75036/Average-Weather-in-Rovinj-Croatia-Year-Round
"Rovinj, Croatia",April,12.8,16.7,8.3,13.6,49,61,https://weatherspark.com/y/75036/Average-Weather-in-Rovinj-Croatia-Year-Round
"Rovinj, Croatia",May,17.2,21.7,12.2,14.9,46,58.4,https://weatherspark.com/y/75036/Average-Weather-in-Rovinj-Croatia-Year-Round
"Rovinj, Croatia",June,21.1,25.6,16.1,15.6,37,55.9,https://weatherspark.com/y/75036/Average-Weather-in-Rovinj-Croatia-Year-Round
"Rovinj, Croatia",July,23.9,28.3,18.3,15.2,24,40.6,https://weatherspark.com/y/75036/Average-Weather-in-Rovinj-Croatia-Year-Round
"Rovinj, Croatia",August,23.9,28.3,18.3,14,26,53.3,https://weatherspark.com/y/75036/Average-Weather-in-Rovinj-Croatia-Year-Round
"Rovinj, Croatia",September,19.4,23.9,15,12.5,38,83.8,https://weatherspark.com/y/75036/Average-Weather-in-Rovinj-Croatia-Year-Round
"Rovinj, Croatia",October,15,18.9,11.1,10.9,46,91.4,https://weatherspark.com/y/75036/Average-Weather-in-Rovinj-Croatia-Year-Round
"Rovinj, Croatia",November,10.6,13.9,6.7,9.5,53,96.5,https://weatherspark.com/y/75036/Average-Weather-in-Rovinj-Croatia-Year-Round
"Rovinj, Croatia",December,6.7,10,3.3,8.8,53,73.7,https://weatherspark.com/y/75036/Average-Weather-in-Rovinj-Croatia-Year-Round
"Bath, England",January,5,7.2,2.8,8.5,68,55.9,https://weatherspark.com/y/39602/Average-Weather-in-Bath-United-Kingdom-Year-Round
"Bath, England",February,5,7.2,2.2,10,64,43.2,https://weatherspark.com/y/39602/Average-Weather-in-Bath-United-Kingdom-Year-Round
"Bath, England",March,6.7,9.4,3.3,12,63,38.1,https://weatherspark.com/y/39602/Average-Weather-in-Bath-United-Kingdom-Year-Round
"Bath, England",April,8.3,12.8,5,13.9,56,38.1,https://weatherspark.com/y/39602/Average-Weather-in-Bath-United-Kingdom-Year-Round
"Bath, England",May,11.7,15.6,7.8,15.7,53,40.6,https://weatherspark.com/y/39602/Average-Weather-in-Bath-United-Kingdom-Year-Round
"Bath, England",June,14.4,18.3,10.6,16.5,49,43.2,https://weatherspark.com/y/39602/Average-Weather-in-Bath-United-Kingdom-Year-Round
"Bath, England",July,16.7,20.6,12.8,16,43,38.1,https://weatherspark.com/y/39602/Average-Weather-in-Bath-United-Kingdom-Year-Round
"Bath, England",August,16.7,20,12.8,14.5,46,40.6,https://weatherspark.com/y/39602/Average-Weather-in-Bath-United-Kingdom-Year-Round
"Bath, England",September,13.9,17.8,10.6,12.6,49,45.7,https://weatherspark.com/y/39602/Average-Weather-in-Bath-United-Kingdom-Year-Round
"Bath, England",October,11.1,13.9,7.8,10.6,58,61,https://weatherspark.com/y/39602/Average-Weather-in-Bath-United-Kingdom-Year-Round
"Bath, England",November,7.8,10,5,8.9,66,63.5,https://weatherspark.com/y/39602/Average-Weather-in-Bath-United-Kingdom-Year-Round
"Bath, England",December,5.6,7.8,3.3,7.9,70,61,https://weatherspark.com/y/39602/Average-Weather-in-Bath-United-Kingdom-Year-Round
"Cheddar, England",January,5,7.2,2.8,8.5,67,61,https://weatherspark.com/y/39570/Average-Weather-in-Cheddar-United-Kingdom-Year-Round
"Cheddar, England",February,5,7.8,2.8,10,63,48.3,https://weatherspark.com/y/39570/Average-Weather-in-Cheddar-United-Kingdom-Year-Round
"Cheddar, England",March,6.7,10,3.9,12,62,43.2,https://weatherspark.com/y/39570/Average-Weather-in-Cheddar-United-Kingdom-Year-Round
"Cheddar, England",April,8.9,12.8,5.6,13.9,55,38.1,https://weatherspark.com/y/39570/Average-Weather-in-Cheddar-United-Kingdom-Year-Round
"Cheddar, England",May,11.7,15.6,8.3,15.6,52,43.2,https://weatherspark.com/y/39570/Average-Weather-in-Cheddar-United-Kingdom-Year-Round
"Cheddar, England",June,15,18.3,11.1,16.5,49,43.2,https://weatherspark.com/y/39570/Average-Weather-in-Cheddar-United-Kingdom-Year-Round
"Cheddar, England",July,16.7,20.6,12.8,16,43,40.6,https://weatherspark.com/y/39570/Average-Weather-in-Cheddar-United-Kingdom-Year-Round
"Cheddar, England",August,16.7,20,12.8,14.5,46,43.2,https://weatherspark.com/y/39570/Average-Weather-in-Cheddar-United-Kingdom-Year-Round
"Cheddar, England",September,14.4,17.8,11.1,12.6,49,48.3,https://weatherspark.com/y/39570/Average-Weather-in-Cheddar-United-Kingdom-Year-Round
"Cheddar, England",October,11.1,13.9,8.3,10.6,57,66,https://weatherspark.com/y/39570/Average-Weather-in-Cheddar-United-Kingdom-Year-Round
"Cheddar, England",November,7.8,10.6,5.6,8.9,65,68.6,https://weatherspark.com/y/39570/Average-Weather-in-Cheddar-United-Kingdom-Year-Round
"Cheddar, England",December,6.1,7.8,3.3,8,69,68.6,https://weatherspark.com/y/39570/Average-Weather-in-Cheddar-United-Kingdom-Year-Round
"Conwy, Wales",January,5.6,7.2,3.3,8.2,68,81.3,https://weatherspark.com/y/37943/Average-Weather-in-Conwy-United-Kingdom-Year-Round
"Conwy, Wales",February,5.0,7.2,3.3,9.9,65,61.0,https://weatherspark.com/y/37943/Average-Weather-in-Conwy-United-Kingdom-Year-Round
"Conwy, Wales",March,6.7,8.9,3.9,12.0,65,55.9,https://weatherspark.com/y/37943/Average-Weather-in-Conwy-United-Kingdom-Year-Round
"Conwy, Wales",April,8.3,11.7,5.6,14.1,58,45.7,https://weatherspark.com/y/37943/Average-Weather-in-Conwy-United-Kingdom-Year-Round
"Conwy, Wales",May,11.1,14.4,8.3,15.9,54,48.3,https://weatherspark.com/y/37943/Average-Weather-in-Conwy-United-Kingdom-Year-Round
"Conwy, Wales",June,13.9,16.7,11.1,16.9,52,50.8,https://weatherspark.com/y/37943/Average-Weather-in-Conwy-United-Kingdom-Year-Round
"Conwy, Wales",July,15.6,18.3,12.8,16.4,48,50.8,https://weatherspark.com/y/37943/Average-Weather-in-Conwy-United-Kingdom-Year-Round
"Conwy, Wales",August,15.6,18.3,12.8,14.7,50,61.0,https://weatherspark.com/y/37943/Average-Weather-in-Conwy-United-Kingdom-Year-Round
"Conwy, Wales",September,13.9,16.7,11.1,12.6,54,68.6,https://weatherspark.com/y/37943/Average-Weather-in-Conwy-United-Kingdom-Year-Round
"Conwy, Wales",October,11.1,13.3,8.9,10.5,61,86.4,https://weatherspark.com/y/37943/Average-Weather-in-Conwy-United-Kingdom-Year-Round
"Conwy, Wales",November,8.3,10.0,6.1,8.6,66,94.0,https://weatherspark.com/y/37943/Average-Weather-in-Conwy-United-Kingdom-Year-Round
"Conwy, Wales",December,6.1,7.8,3.9,7.6,68,91.4,https://weatherspark.com/y/37943/Average-Weather-in-Conwy-United-Kingdom-Year-Round
"Holyhead, Wales",January,6.1,8.3,4.4,8.2,64,86.4,https://weatherspark.com/y/36335/Average-Weather-in-Holyhead-United-Kingdom-Year-Round
"Holyhead, Wales",February,6.1,7.8,3.9,9.9,62,66.0,https://weatherspark.com/y/36335/Average-Weather-in-Holyhead-United-Kingdom-Year-Round
"Holyhead, Wales",March,7.2,8.9,5.0,12.0,61,58.4,https://weatherspark.com/y/36335/Average-Weather-in-Holyhead-United-Kingdom-Year-Round
"Holyhead, Wales",April,8.3,11.1,6.1,14.1,55,45.7,https://weatherspark.com/y/36335/Average-Weather-in-Holyhead-United-Kingdom-Year-Round
"Holyhead, Wales",May,11.1,13.9,8.9,15.9,52,45.7,https://weatherspark.com/y/36335/Average-Weather-in-Holyhead-United-Kingdom-Year-Round
"Holyhead, Wales",June,13.3,16.1,11.1,16.9,51,45.7,https://weatherspark.com/y/36335/Average-Weather-in-Holyhead-United-Kingdom-Year-Round
"Holyhead, Wales",July,15.6,17.8,12.8,16.4,48,43.2,https://weatherspark.com/y/36335/Average-Weather-in-Holyhead-United-Kingdom-Year-Round
"Holyhead, Wales",August,15.6,17.8,12.8,14.7,49,55.9,https://weatherspark.com/y/36335/Average-Weather-in-Holyhead-United-Kingdom-Year-Round
"Holyhead, Wales",September,14.4,16.1,11.7,12.6,52,66.0,https://weatherspark.com/y/36335/Average-Weather-in-Holyhead-United-Kingdom-Year-Round
"Holyhead, Wales",October,11.7,13.9,9.4,10.5,58,88.9,https://weatherspark.com/y/36335/Average-Weather-in-Holyhead-United-Kingdom-Year-Round
"Holyhead, Wales",November,8.9,11.1,7.2,8.6,61,96.5,https://weatherspark.com/y/36335/Average-Weather-in-Holyhead-United-Kingdom-Year-Round
"Holyhead, Wales",December,7.2,8.9,5.0,7.6,63,96.5,https://weatherspark.com/y/36335/Average-Weather-in-Holyhead-United-Kingdom-Year-Round
Betws-y-Coed,January,3.9,6.1,1.7,8.2,72,88.9,https://weatherspark.com/y/37955/Average-Weather-in-Betws-y-Coed-United-Kingdom-Year-Round
Betws-y-Coed,February,3.9,6.1,1.7,9.9,69,68.6,https://weatherspark.com/y/37955/Average-Weather-in-Betws-y-Coed-United-Kingdom-Year-Round
Betws-y-Coed,March,5.6,8.3,2.8,12.0,68,61.0,https://weatherspark.com/y/37955/Average-Weather-in-Betws-y-Coed-United-Kingdom-Year-Round
Betws-y-Coed,April,7.2,10.6,3.9,14.1,61,50.8,https://weatherspark.com/y/37955/Average-Weather-in-Betws-y-Coed-United-Kingdom-Year-Round
Betws-y-Coed,May,10.0,13.9,6.7,15.9,57,55.9,https://weatherspark.com/y/37955/Average-Weather-in-Betws-y-Coed-United-Kingdom-Year-Round
Betws-y-Coed,June,12.8,16.1,9.4,16.9,54,58.4,https://weatherspark.com/y/37955/Average-Weather-in-Betws-y-Coed-United-Kingdom-Year-Round
Betws-y-Coed,July,14.4,17.8,11.1,16.3,50,58.4,https://weatherspark.com/y/37955/Average-Weather-in-Betws-y-Coed-United-Kingdom-Year-Round
Betws-y-Coed,August,14.4,17.8,11.1,14.6,51,66.0,https://weatherspark.com/y/37955/Average-Weather-in-Betws-y-Coed-United-Kingdom-Year-Round
Betws-y-Coed,September,12.8,15.6,9.4,12.6,56,73.7,https://weatherspark.com/y/37955/Average-Weather-in-Betws-y-Coed-United-Kingdom-Year-Round
Betws-y-Coed,October,9.4,12.2,6.7,10.5,65,94.0,https://weatherspark.com/y/37955/Average-Weather-in-Betws-y-Coed-United-Kingdom-Year-Round
Betws-y-Coed,November,6.7,8.9,4.4,8.6,71,101.6,https://weatherspark.com/y/37955/Average-Weather-in-Betws-y-Coed-United-Kingdom-Year-Round
Betws-y-Coed,December,4.4,6.7,2.2,7.6,72,101.6,https://weatherspark.com/y/37955/Average-Weather-in-Betws-y-Coed-United-Kingdom-Year-Round
"Zug, Switzerland",January,0.6,3.3,-2.8,9.0,56,58.4,https://weatherspark.com/y/60162/Average-Weather-in-Zug-Switzerland-Year-Round
"Zug, Switzerland",February,1.1,5.0,-2.8,10.3,56,55.9,https://weatherspark.com/y/60162/Average-Weather-in-Zug-Switzerland-Year-Round
"Zug, Switzerland",March,5.0,10.0,0.6,12.0,56,63.5,https://weatherspark.com/y/60162/Average-Weather-in-Zug-Switzerland-Year-Round
"Zug, Switzerland",April,8.9,13.9,3.9,13.7,58,81.3,https://weatherspark.com/y/60162/Average-Weather-in-Zug-Switzerland-Year-Round
"Zug, Switzerland",May,13.9,18.9,8.3,15.1,60,109.2,https://weatherspark.com/y/60162/Average-Weather-in-Zug-Switzerland-Year-Round
"Zug, Switzerland",June,17.2,22.2,12.2,15.9,52,124.5,https://weatherspark.com/y/60162/Average-Weather-in-Zug-Switzerland-Year-Round
"Zug, Switzerland",July,19.4,24.4,13.9,15.4,40,124.5,https://weatherspark.com/y/60162/Average-Weather-in-Zug-Switzerland-Year-Round
"Zug, Switzerland",August,18.9,23.9,13.3,14.1,43,111.8,https://weatherspark.com/y/60162/Average-Weather-in-Zug-Switzerland-Year-Round
"Zug, Switzerland",September,14.4,19.4,10.0,12.5,50,96.5,https://weatherspark.com/y/60162/Average-Weather-in-Zug-Switzerland-Year-Round
"Zug, Switzerland",October,10.0,14.4,6.1,10.8,56,78.7,https://weatherspark.com/y/60162/Average-Weather-in-Zug-Switzerland-Year-Round
"Zug, Switzerland",November,4.4,7.8,1.1,9.3,59,71.1,https://weatherspark.com/y/60162/Average-Weather-in-Zug-Switzerland-Year-Round
"Zug, Switzerland",December,1.1,4.4,-1.7,8.6,59,68.6,https://weatherspark.com/y/60162/Average-Weather-in-Zug-Switzerland-Year-Round
"Gallway, Ireland",January,6.1,8.3,3.9,8.2,69,96.5,https://weatherspark.com/y/32103/Average-Weather-in-Gaillimh-Ireland-Year-Round
"Gallway, Ireland",February,6.1,8.3,3.9,9.9,67,76.2,https://weatherspark.com/y/32103/Average-Weather-in-Gaillimh-Ireland-Year-Round
"Gallway, Ireland",March,7.2,10.0,4.4,12.0,65,66.0,https://weatherspark.com/y/32103/Average-Weather-in-Gaillimh-Ireland-Year-Round
"Gallway, Ireland",April,8.9,12.8,6.1,14.1,59,53.3,https://weatherspark.com/y/32103/Average-Weather-in-Gaillimh-Ireland-Year-Round
"Gallway, Ireland",May,11.7,15.0,8.3,15.9,55,55.9,https://weatherspark.com/y/32103/Average-Weather-in-Gaillimh-Ireland-Year-Round
"Gallway, Ireland",June,13.9,17.2,11.1,16.9,54,61.0,https://weatherspark.com/y/32103/Average-Weather-in-Gaillimh-Ireland-Year-Round
"Gallway, Ireland",July,15.6,18.9,12.8,16.3,52,61.0,https://weatherspark.com/y/32103/Average-Weather-in-Gaillimh-Ireland-Year-Round
"Gallway, Ireland",August,15.6,18.3,12.8,14.7,53,73.7,https://weatherspark.com/y/32103/Average-Weather-in-Gaillimh-Ireland-Year-Round
"Gallway, Ireland",September,13.9,16.7,10.6,12.6,56,73.7,https://weatherspark.com/y/32103/Average-Weather-in-Gaillimh-Ireland-Year-Round
"Gallway, Ireland",October,10.6,13.3,8.3,10.5,62,91.4,https://weatherspark.com/y/32103/Average-Weather-in-Gaillimh-Ireland-Year-Round
"Gallway, Ireland",November,8.3,10.6,5.6,8.6,67,99.1,https://weatherspark.com/y/32103/Average-Weather-in-Gaillimh-Ireland-Year-Round
"Gallway, Ireland",December,6.7,8.3,3.9,7.6,70,99.1,https://weatherspark.com/y/32103/Average-Weather-in-Gaillimh-Ireland-Year-Round
"Bocas del Toro, Panama",January,26.1,29.4,22.8,11.7,43,43.2,https://weatherspark.com/y/16751/Average-Weather-in-Bocas-del-Toro-Panama-Year-Round
"Bocas del Toro, Panama",February,26.7,29.4,22.8,11.8,48,25.4,https://weatherspark.com/y/16751/Average-Weather-in-Bocas-del-Toro-Panama-Year-Round
"Bocas del Toro, Panama",March,26.7,29.4,23.3,12.1,55,22.9,https://weatherspark.com/y/16751/Average-Weather-in-Bocas-del-Toro-Panama-Year-Round
"Bocas del Toro, Panama",April,26.7,29.4,23.9,12.3,72,68.6,https://weatherspark.com/y/16751/Average-Weather-in-Bocas-del-Toro-Panama-Year-Round
"Bocas del Toro, Panama",May,26.7,29.4,24.4,12.6,90,180.3,https://weatherspark.com/y/16751/Average-Weather-in-Bocas-del-Toro-Panama-Year-Round
"Bocas del Toro, Panama",June,26.7,29.4,24.4,12.7,96,223.5,https://weatherspark.com/y/16751/Average-Weather-in-Bocas-del-Toro-Panama-Year-Round
"Bocas del Toro, Panama",July,26.7,29.4,23.9,12.6,95,236.2,https://weatherspark.com/y/16751/Average-Weather-in-Bocas-del-Toro-Panama-Year-Round
"Bocas del Toro, Panama",August,26.1,29.4,23.9,12.4,95,218.4,https://weatherspark.com/y/16751/Average-Weather-in-Bocas-del-Toro-Panama-Year-Round
"Bocas del Toro, Panama",September,26.1,29.4,23.9,12.2,95,203.2,https://weatherspark.com/y/16751/Average-Weather-in-Bocas-del-Toro-Panama-Year-Round
"Bocas del Toro, Panama",October,26.1,29.4,23.9,11.9,92,218.4,https://weatherspark.com/y/16751/Average-Weather-in-Bocas-del-Toro-Panama-Year-Round
"Bocas del Toro, Panama",November,26.1,28.9,23.9,11.7,77,213.4,https://weatherspark.com/y/16751/Average-Weather-in-Bocas-del-Toro-Panama-Year-Round
"Bocas del Toro, Panama",December,26.1,28.9,23.3,11.6,51,104.1,https://weatherspark.com/y/16751/Average-Weather-in-Bocas-del-Toro-Panama-Year-Round
"Ambleside, England",January,3.3,5.6,1.7,8.0,71,91.4,https://weatherspark.com/y/40033/Average-Weather-in-Ambleside-United-Kingdom-Year-Round
"Ambleside, England",February,3.3,5.6,1.7,9.8,68,71.1,https://weatherspark.com/y/40033/Average-Weather-in-Ambleside-United-Kingdom-Year-Round
"Ambleside, England",March,5.0,7.8,2.2,12.0,67,61.0,https://weatherspark.com/y/40033/Average-Weather-in-Ambleside-United-Kingdom-Year-Round
"Ambleside, England",April,7.2,10.6,3.9,14.2,60,50.8,https://weatherspark.com/y/40033/Average-Weather-in-Ambleside-United-Kingdom-Year-Round
"Ambleside, England",May,10.0,13.3,6.7,16.1,54,53.3,https://weatherspark.com/y/40033/Average-Weather-in-Ambleside-United-Kingdom-Year-Round
"Ambleside, England",June,12.8,16.1,9.4,17.2,54,58.4,https://weatherspark.com/y/40033/Average-Weather-in-Ambleside-United-Kingdom-Year-Round
"Ambleside, England",July,14.4,17.8,11.7,16.6,50,66.0,https://weatherspark.com/y/40033/Average-Weather-in-Ambleside-United-Kingdom-Year-Round
"Ambleside, England",August,14.4,17.2,11.1,14.8,52,78.7,https://weatherspark.com/y/40033/Average-Weather-in-Ambleside-United-Kingdom-Year-Round
"Ambleside, England",September,12.2,15.0,9.4,12.6,56,76.2,https://weatherspark.com/y/40033/Average-Weather-in-Ambleside-United-Kingdom-Year-Round
"Ambleside, England",October,9.4,11.7,6.7,10.4,64,94.0,https://weatherspark.com/y/40033/Average-Weather-in-Ambleside-United-Kingdom-Year-Round
"Ambleside, England",November,6.1,8.3,3.9,8.4,69,96.5,https://weatherspark.com/y/40033/Average-Weather-in-Ambleside-United-Kingdom-Year-Round
"Ambleside, England",December,3.9,6.1,2.2,7.4,71,99.1,https://weatherspark.com/y/40033/Average-Weather-in-Ambleside-United-Kingdom-Year-Round
"Rye, England",January,5.6,7.8,3.9,8.5,63,50.8,https://weatherspark.com/y/44767/Average-Weather-in-Rye-United-Kingdom-Year-Round
"Rye, England",February,5.6,7.8,3.3,10.1,60,38.1,https://weatherspark.com/y/44767/Average-Weather-in-Rye-United-Kingdom-Year-Round
"Rye, England",March,7.2,9.4,4.4,12.0,58,33.0,https://weatherspark.com/y/44767/Average-Weather-in-Rye-United-Kingdom-Year-Round
"Rye, England",April,9.4,12.2,6.1,13.9,51,33.0,https://weatherspark.com/y/44767/Average-Weather-in-Rye-United-Kingdom-Year-Round
"Rye, England",May,12.2,15.0,9.4,15.6,51,35.6,https://weatherspark.com/y/44767/Average-Weather-in-Rye-United-Kingdom-Year-Round
"Rye, England",June,15.0,17.8,12.2,16.5,47,38.1,https://weatherspark.com/y/44767/Average-Weather-in-Rye-United-Kingdom-Year-Round
"Rye, England",July,17.2,20.0,13.9,16.0,41,35.6,https://weatherspark.com/y/44767/Average-Weather-in-Rye-United-Kingdom-Year-Round
"Rye, England",August,17.8,20.6,14.4,14.4,44,38.1,https://weatherspark.com/y/44767/Average-Weather-in-Rye-United-Kingdom-Year-Round
"Rye, England",September,15.6,17.8,12.2,12.6,48,45.7,https://weatherspark.com/y/44767/Average-Weather-in-Rye-United-Kingdom-Year-Round
"Rye, England",October,12.2,14.4,10.0,10.6,54,63.5,https://weatherspark.com/y/44767/Average-Weather-in-Rye-United-Kingdom-Year-Round
"Rye, England",November,8.9,11.1,6.7,8.9,60,61.0,https://weatherspark.com/y/44767/Average-Weather-in-Rye-United-Kingdom-Year-Round
"Rye, England",December,6.7,8.3,4.4,8.0,63,58.4,https://weatherspark.com/y/44767/Average-Weather-in-Rye-United-Kingdom-Year-Round
"Bangkok, Thailand",January,26.7,31.7,22.2,11.4,43,5.1,https://weatherspark.com/y/113416/Average-Weather-in-Bangkok-Thailand-Year-Round
"Bangkok, Thailand",February,28.3,32.8,23.9,11.7,44,10.2,https://weatherspark.com/y/113416/Average-Weather-in-Bangkok-Thailand-Year-Round
"Bangkok, Thailand",March,29.4,33.9,25.6,12.1,58,25.4,https://weatherspark.com/y/113416/Average-Weather-in-Bangkok-Thailand-Year-Round
"Bangkok, Thailand",April,30.6,35.0,26.7,12.5,76,55.9,https://weatherspark.com/y/113416/Average-Weather-in-Bangkok-Thailand-Year-Round
"Bangkok, Thailand",May,30.0,34.4,26.7,12.8,90,114.3,https://weatherspark.com/y/113416/Average-Weather-in-Bangkok-Thailand-Year-Round
"Bangkok, Thailand",June,29.4,33.3,26.7,12.9,92,111.8,https://weatherspark.com/y/113416/Average-Weather-in-Bangkok-Thailand-Year-Round
"Bangkok, Thailand",July,28.9,32.8,26.1,12.8,91,104.1,https://weatherspark.com/y/113416/Average-Weather-in-Bangkok-Thailand-Year-Round
"Bangkok, Thailand",August,28.9,32.8,26.1,12.6,91,127.0,https://weatherspark.com/y/113416/Average-Weather-in-Bangkok-Thailand-Year-Round
"Bangkok, Thailand",September,28.3,32.2,25.6,12.2,90,218.4,https://weatherspark.com/y/113416/Average-Weather-in-Bangkok-Thailand-Year-Round
"Bangkok, Thailand",October,28.3,31.7,25.6,11.8,81,175.3,https://weatherspark.com/y/113416/Average-Weather-in-Bangkok-Thailand-Year-Round
"Bangkok, Thailand",November,27.8,31.7,24.4,11.5,65,45.7,https://weatherspark.com/y/113416/Average-Weather-in-Bangkok-Thailand-Year-Round
"Bangkok, Thailand",December,26.7,31.1,22.2,11.3,48,5.1,https://weatherspark.com/y/113416/Average-Weather-in-Bangkok-Thailand-Year-Round
"Phetchaburi, Thailand",January,25.6,30.6,21.1,11.5,45,5.1,https://weatherspark.com/y/113028/Average-Weather-in-Phetchaburi-Thailand-Year-Round
"Phetchaburi, Thailand",February,27.8,31.7,23.3,11.7,45,10.2,https://weatherspark.com/y/113028/Average-Weather-in-Phetchaburi-Thailand-Year-Round
"Phetchaburi, Thailand",March,28.9,32.8,25.0,12.1,59,25.4,https://weatherspark.com/y/113028/Average-Weather-in-Phetchaburi-Thailand-Year-Round
"Phetchaburi, Thailand",April,30.0,33.9,26.7,12.4,77,40.6,https://weatherspark.com/y/113028/Average-Weather-in-Phetchaburi-Thailand-Year-Round
"Phetchaburi, Thailand",May,29.4,33.3,26.7,12.7,91,88.9,https://weatherspark.com/y/113028/Average-Weather-in-Phetchaburi-Thailand-Year-Round
"Phetchaburi, Thailand",June,28.9,32.8,26.1,12.9,93,83.8,https://weatherspark.com/y/113028/Average-Weather-in-Phetchaburi-Thailand-Year-Round
"Phetchaburi, Thailand",July,28.9,32.2,26.1,12.8,92,81.3,https://weatherspark.com/y/113028/Average-Weather-in-Phetchaburi-Thailand-Year-Round
"Phetchaburi, Thailand",August,28.9,32.2,26.1,12.5,92,83.8,https://weatherspark.com/y/113028/Average-Weather-in-Phetchaburi-Thailand-Year-Round
"Phetchaburi, Thailand",September,28.3,31.7,25.6,12.2,91,160.0,https://weatherspark.com/y/113028/Average-Weather-in-Phetchaburi-Thailand-Year-Round
"Phetchaburi, Thailand",October,27.8,31.1,24.4,11.8,83,190.5,https://weatherspark.com/y/113028/Average-Weather-in-Phetchaburi-Thailand-Year-Round
"Phetchaburi, Thailand",November,26.7,30.6,23.3,11.5,68,68.6,https://weatherspark.com/y/113028/Average-Weather-in-Phetchaburi-Thailand-Year-Round
"Phetchaburi, Thailand",December,25.6,30.0,21.1,11.4,50,7.6,https://weatherspark.com/y/113028/Average-Weather-in-Phetchaburi-Thailand-Year-Round
"Yerevan, Armenia",January,-2.2,2.8,-7.2,9.7,43,2.5,https://weatherspark.com/y/103294/Average-Weather-in-Yerevan-Armenia-Year-Round
"Yerevan, Armenia",February,0,5.6,-5,10.7,45,5.1,https://weatherspark.com/y/103294/Average-Weather-in-Yerevan-Armenia-Year-Round
"Yerevan, Armenia",March,6.1,12.2,0.6,12,47,10.2,https://weatherspark.com/y/103294/Average-Weather-in-Yerevan-Armenia-Year-Round
"Yerevan, Armenia",April,12.8,18.9,6.1,13.3,47,20.3,https://weatherspark.com/y/103294/Average-Weather-in-Yerevan-Armenia-Year-Round
"Yerevan, Armenia",May,17.2,23.9,11.1,14.4,36,27.9,https://weatherspark.com/y/103294/Average-Weather-in-Yerevan-Armenia-Year-Round
"Yerevan, Armenia",June,22.8,29.4,15.6,15,15,20.3,https://weatherspark.com/y/103294/Average-Weather-in-Yerevan-Armenia-Year-Round
"Yerevan, Armenia",July,26.7,32.8,19.4,14.7,4,12.7,https://weatherspark.com/y/103294/Average-Weather-in-Yerevan-Armenia-Year-Round
"Yerevan, Armenia",August,26.1,32.8,18.3,13.7,3,7.6,https://weatherspark.com/y/103294/Average-Weather-in-Yerevan-Armenia-Year-Round
"Yerevan, Armenia",September,20.6,27.8,12.8,12.4,12,10.2,https://weatherspark.com/y/103294/Average-Weather-in-Yerevan-Armenia-Year-Round
"Yerevan, Armenia",October,13.3,20,6.7,11.1,31,15.2,https://weatherspark.com/y/103294/Average-Weather-in-Yerevan-Armenia-Year-Round
"Yerevan, Armenia",November,5.6,11.7,0.6,9.9,39,12.7,https://weatherspark.com/y/103294/Average-Weather-in-Yerevan-Armenia-Year-Round
"Yerevan, Armenia",December,-0.6,5,-4.4,9.4,41,5.1,https://weatherspark.com/y/103294/Average-Weather-in-Yerevan-Armenia-Year-Round
"Diani Beach, Kenya",January,27.2,31.1,24.4,12.3,68,17.8,https://weatherspark.com/y/101138/Average-Weather-in-Gazi-Kenya-Year-Round
"Diani Beach, Kenya",February,27.8,31.1,25,12.2,69,15.2,https://weatherspark.com/y/101138/Average-Weather-in-Gazi-Kenya-Year-Round
"Diani Beach, Kenya",March,28.3,31.7,25.6,12.1,69,53.3,https://weatherspark.com/y/101138/Average-Weather-in-Gazi-Kenya-Year-Round
"Diani Beach, Kenya",April,27.8,30.6,25,12,66,127,https://weatherspark.com/y/101138/Average-Weather-in-Gazi-Kenya-Year-Round
"Diani Beach, Kenya",May,26.7,28.9,23.9,11.9,52,132.1,https://weatherspark.com/y/101138/Average-Weather-in-Gazi-Kenya-Year-Round
"Diani Beach, Kenya",June,25.6,27.8,22.8,11.9,42,43.2,https://weatherspark.com/y/101138/Average-Weather-in-Gazi-Kenya-Year-Round
"Diani Beach, Kenya",July,24.4,27.2,21.7,11.9,36,15.2,https://weatherspark.com/y/101138/Average-Weather-in-Gazi-Kenya-Year-Round
"Diani Beach, Kenya",August,24.4,27.2,21.7,12,30,12.7,https://weatherspark.com/y/101138/Average-Weather-in-Gazi-Kenya-Year-Round
"Diani Beach, Kenya",September,25,27.8,22.2,12.1,32,12.7,https://weatherspark.com/y/101138/Average-Weather-in-Gazi-Kenya-Year-Round
"Diani Beach, Kenya",October,26.1,28.9,23.3,12.2,45,40.6,https://weatherspark.com/y/101138/Average-Weather-in-Gazi-Kenya-Year-Round
"Diani Beach, Kenya",November,27.2,30,24.4,12.3,50,66,https://weatherspark.com/y/101138/Average-Weather-in-Gazi-Kenya-Year-Round
"Diani Beach, Kenya",December,27.2,30.6,25,12.4,59,48.3,https://weatherspark.com/y/101138/Average-Weather-in-Gazi-Kenya-Year-Round
"Windhoek, Namibia",January,23.9,30,18.3,13.3,45,68.6,https://weatherspark.com/y/81938/Average-Weather-in-Windhoek-Namibia-Year-Round
"Windhoek, Namibia",February,22.8,28.9,17.8,12.8,43,83.8,https://weatherspark.com/y/81938/Average-Weather-in-Windhoek-Namibia-Year-Round
"Windhoek, Namibia",March,21.7,27.8,16.7,12.2,30,58.4,https://weatherspark.com/y/81938/Average-Weather-in-Windhoek-Namibia-Year-Round
"Windhoek, Namibia",April,20,26.1,13.9,11.5,15,33,https://weatherspark.com/y/81938/Average-Weather-in-Windhoek-Namibia-Year-Round
"Windhoek, Namibia",May,17.2,23.9,11.1,11,8,5.1,https://weatherspark.com/y/81938/Average-Weather-in-Windhoek-Namibia-Year-Round
"Windhoek, Namibia",June,14.4,21.7,8.3,10.8,8,0,https://weatherspark.com/y/81938/Average-Weather-in-Windhoek-Namibia-Year-Round
"Windhoek, Namibia",July,14.4,21.7,8.3,10.9,9,0,https://weatherspark.com/y/81938/Average-Weather-in-Windhoek-Namibia-Year-Round
"Windhoek, Namibia",August,17.2,24.4,10.6,11.4,9,0,https://weatherspark.com/y/81938/Average-Weather-in-Windhoek-Namibia-Year-Round
"Windhoek, Namibia",September,20.6,27.8,13.9,12,11,2.5,https://weatherspark.com/y/81938/Average-Weather-in-Windhoek-Namibia-Year-Round
"Windhoek, Namibia",October,23.3,30,16.1,12.6,18,10.2,https://weatherspark.com/y/81938/Average-Weather-in-Windhoek-Namibia-Year-Round
"Windhoek, Namibia",November,23.9,30.6,17.2,13.2,27,22.9,https://weatherspark.com/y/81938/Average-Weather-in-Windhoek-Namibia-Year-Round
"Windhoek, Namibia",December,24.4,31.1,18.3,13.5,34,35.6,https://weatherspark.com/y/81938/Average-Weather-in-Windhoek-Namibia-Year-Round
"Sapporo, Japan",January,-6.7,-2.2,-11.7,9.4,76,10.2,https://weatherspark.com/y/144135/Average-Weather-in-Sapporo-Japan-Year-Round
"Sapporo, Japan",February,-6.1,-1.1,-10.6,10.5,72,12.7,https://weatherspark.com/y/144135/Average-Weather-in-Sapporo-Japan-Year-Round
"Sapporo, Japan",March,-1.7,2.8,-5.6,12,56,22.9,https://weatherspark.com/y/144135/Average-Weather-in-Sapporo-Japan-Year-Round
"Sapporo, Japan",April,5.6,10.6,1.1,13.4,52,45.7,https://weatherspark.com/y/144135/Average-Weather-in-Sapporo-Japan-Year-Round
"Sapporo, Japan",May,11.1,17.2,6.7,14.7,56,55.9,https://weatherspark.com/y/144135/Average-Weather-in-Sapporo-Japan-Year-Round
"Sapporo, Japan",June,15.6,20.6,11.7,15.3,52,55.9,https://weatherspark.com/y/144135/Average-Weather-in-Sapporo-Japan-Year-Round
"Sapporo, Japan",July,19.4,23.9,16.1,15,50,86.4,https://weatherspark.com/y/144135/Average-Weather-in-Sapporo-Japan-Year-Round
"Sapporo, Japan",August,21.1,25,17.2,13.9,51,132.1,https://weatherspark.com/y/144135/Average-Weather-in-Sapporo-Japan-Year-Round
"Sapporo, Japan",September,16.7,21.7,12.2,12.5,45,121.9,https://weatherspark.com/y/144135/Average-Weather-in-Sapporo-Japan-Year-Round
"Sapporo, Japan",October,9.4,15,5,11,37,94,https://weatherspark.com/y/144135/Average-Weather-in-Sapporo-Japan-Year-Round
"Sapporo, Japan",November,2.8,7.2,-1.7,9.7,48,73.7,https://weatherspark.com/y/144135/Average-Weather-in-Sapporo-Japan-Year-Round
"Sapporo, Japan",December,-3.9,0.6,-8.3,9.1,66,27.9,https://weatherspark.com/y/144135/Average-Weather-in-Sapporo-Japan-Year-Round
"Sidi Bou Saïd, Tunisia",January,11.7,15.6,8.9,10,39,35.6,https://weatherspark.com/y/65685/Average-Weather-in-Sidi-Bou-Sa%C3%AFd-Tunisia-Year-Round
"Sidi Bou Saïd, Tunisia",February,12.2,16.1,8.9,10.9,37,30.5,https://weatherspark.com/y/65685/Average-Weather-in-Sidi-Bou-Sa%C3%AFd-Tunisia-Year-Round
"Sidi Bou Saïd, Tunisia",March,13.9,18.3,10,12,35,33,https://weatherspark.com/y/65685/Average-Weather-in-Sidi-Bou-Sa%C3%AFd-Tunisia-Year-Round
"Sidi Bou Saïd, Tunisia",April,16.1,21.1,12.2,13.2,35,30.5,https://weatherspark.com/y/65685/Average-Weather-in-Sidi-Bou-Sa%C3%AFd-Tunisia-Year-Round
"Sidi Bou Saïd, Tunisia",May,20,25,15.6,14.2,34,22.9,https://weatherspark.com/y/65685/Average-Weather-in-Sidi-Bou-Sa%C3%AFd-Tunisia-Year-Round
"Sidi Bou Saïd, Tunisia",June,23.9,29.4,19.4,14.7,21,12.7,https://weatherspark.com/y/65685/Average-Weather-in-Sidi-Bou-Sa%C3%AFd-Tunisia-Year-Round
"Sidi Bou Saïd, Tunisia",July,27.2,32.2,22.2,14.4,6,5.1,https://weatherspark.com/y/65685/Average-Weather-in-Sidi-Bou-Sa%C3%AFd-Tunisia-Year-Round
"Sidi Bou Saïd, Tunisia",August,27.2,32.8,22.8,13.5,9,10.2,https://weatherspark.com/y/65685/Average-Weather-in-Sidi-Bou-Sa%C3%AFd-Tunisia-Year-Round
"Sidi Bou Saïd, Tunisia",September,25,29.4,21.1,12.4,28,33,https://weatherspark.com/y/65685/Average-Weather-in-Sidi-Bou-Sa%C3%AFd-Tunisia-Year-Round
"Sidi Bou Saïd, Tunisia",October,21.7,25.6,17.8,11.2,41,35.6,https://weatherspark.com/y/65685/Average-Weather-in-Sidi-Bou-Sa%C3%AFd-Tunisia-Year-Round
"Sidi Bou Saïd, Tunisia",November,16.7,20.6,13.3,10.2,39,33,https://weatherspark.com/y/65685/Average-Weather-in-Sidi-Bou-Sa%C3%AFd-Tunisia-Year-Round
"Sidi Bou Saïd, Tunisia",December,12.8,16.7,10,9.7,38,33,https://weatherspark.com/y/65685/Average-Weather-in-Sidi-Bou-Sa%C3%AFd-Tunisia-Year-Round
"Habidu, Yemen",January,25,27.2,22.8,11.5,38,5.1,https://weatherspark.com/y/105358/Average-Weather-in-Hadibu-Yemen-Year-Round
"Habidu, Yemen",February,25.6,27.8,22.8,11.7,36,5.1,https://weatherspark.com/y/105358/Average-Weather-in-Hadibu-Yemen-Year-Round
"Habidu, Yemen",March,26.7,29.4,23.9,12.1,32,2.5,https://weatherspark.com/y/105358/Average-Weather-in-Hadibu-Yemen-Year-Round
"Habidu, Yemen",April,28.3,31.7,25,12.4,38,2.5,https://weatherspark.com/y/105358/Average-Weather-in-Hadibu-Yemen-Year-Round
"Habidu, Yemen",May,30.6,33.3,26.7,12.7,57,5.1,https://weatherspark.com/y/105358/Average-Weather-in-Hadibu-Yemen-Year-Round
"Habidu, Yemen",June,30,33.3,27.2,12.9,50,5.1,https://weatherspark.com/y/105358/Average-Weather-in-Hadibu-Yemen-Year-Round
"Habidu, Yemen",July,29.4,32.2,26.7,12.8,48,2.5,https://weatherspark.com/y/105358/Average-Weather-in-Hadibu-Yemen-Year-Round
"Habidu, Yemen",August,28.9,31.7,26.1,12.5,40,2.5,https://weatherspark.com/y/105358/Average-Weather-in-Hadibu-Yemen-Year-Round
"Habidu, Yemen",September,28.9,31.7,25.6,12.2,28,0,https://weatherspark.com/y/105358/Average-Weather-in-Hadibu-Yemen-Year-Round
"Habidu, Yemen",October,27.8,30,25,11.8,29,10.2,https://weatherspark.com/y/105358/Average-Weather-in-Hadibu-Yemen-Year-Round
"Habidu, Yemen",November,26.7,28.9,24.4,11.5,31,15.2,https://weatherspark.com/y/105358/Average-Weather-in-Hadibu-Yemen-Year-Round
"Habidu, Yemen",December,26.1,28.3,23.9,11.4,36,7.6,https://weatherspark.com/y/105358/Average-Weather-in-Hadibu-Yemen-Year-Round
"Trebižat, Bosnia and Herzegovinia",January,5.6,10,1.7,9.4,52,86.4,https://weatherspark.com/y/82113/Average-Weather-in-%C4%8Capljina-Bosnia-&-Herzegovina-Year-Round
"Trebižat, Bosnia and Herzegovinia",February,6.7,11.1,2.2,10.6,51,94,https://weatherspark.com/y/82113/Average-Weather-in-%C4%8Capljina-Bosnia-&-Herzegovina-Year-Round
"Trebižat, Bosnia and Herzegovinia",March,10,15,5,12,51,81.3,https://weatherspark.com/y/82113/Average-Weather-in-%C4%8Capljina-Bosnia-&-Herzegovina-Year-Round
"Trebižat, Bosnia and Herzegovinia",April,13.3,18.9,8.3,13.5,49,76.2,https://weatherspark.com/y/82113/Average-Weather-in-%C4%8Capljina-Bosnia-&-Herzegovina-Year-Round
"Trebižat, Bosnia and Herzegovinia",May,18.3,23.9,12.2,14.7,44,55.9,https://weatherspark.com/y/82113/Average-Weather-in-%C4%8Capljina-Bosnia-&-Herzegovina-Year-Round
"Trebižat, Bosnia and Herzegovinia",June,22.8,28.3,16.7,15.3,30,40.6,https://weatherspark.com/y/82113/Average-Weather-in-%C4%8Capljina-Bosnia-&-Herzegovina-Year-Round
"Trebižat, Bosnia and Herzegovinia",July,26.1,32.2,19.4,15,16,22.9,https://weatherspark.com/y/82113/Average-Weather-in-%C4%8Capljina-Bosnia-&-Herzegovina-Year-Round
"Trebižat, Bosnia and Herzegovinia",August,25.6,31.7,18.9,13.9,20,35.6,https://weatherspark.com/y/82113/Average-Weather-in-%C4%8Capljina-Bosnia-&-Herzegovina-Year-Round
"Trebižat, Bosnia and Herzegovinia",September,20.6,26.7,15,12.4,33,68.6,https://weatherspark.com/y/82113/Average-Weather-in-%C4%8Capljina-Bosnia-&-Herzegovina-Year-Round
"Trebižat, Bosnia and Herzegovinia",October,15.6,21.1,10.6,11,45,91.4,https://weatherspark.com/y/82113/Average-Weather-in-%C4%8Capljina-Bosnia-&-Herzegovina-Year-Round
"Trebižat, Bosnia and Herzegovinia",November,10.6,15,5.6,9.7,52,116.8,https://weatherspark.com/y/82113/Average-Weather-in-%C4%8Capljina-Bosnia-&-Herzegovina-Year-Round
"Trebižat, Bosnia and Herzegovinia",December,6.1,10.6,2.2,9.1,53,104.1,https://weatherspark.com/y/82113/Average-Weather-in-%C4%8Capljina-Bosnia-&-Herzegovina-Year-Round