Location,Month,Avg Temp (°C),Avg High (°C),Avg Low (°C),Daylight (h/day),Cloud Cover (%),Rainfall (mm),Source
"Mostar, Bosnia and Herzegovina",Jan,3.3,7.8,-0.6,9.4,55,76,https://weatherspark.com/y/82100/Average-Weather-in-Mostar-Bosnia-&-Herzegovina-Year-Round
"Mostar, Bosnia and Herzegovina",Feb,4.4,9.4,0.0,10.5,54,81,https://weatherspark.com/y/82100/Average-Weather-in-Mostar-Bosnia-&-Herzegovina-Year-Round
"Mostar, Bosnia and Herzegovina",Mar,8.3,13.3,3.3,12.0,54,76,https://weatherspark.com/y/82100/Average-Weather-in-Mostar-Bosnia-&-Herzegovina-Year-Round
"Mostar, Bosnia and Herzegovina",Apr,12.2,17.8,6.7,13.5,53,71,https://weatherspark.com/y/82100/Average-Weather-in-Mostar-Bosnia-&-Herzegovina-Year-Round
"Mostar, Bosnia and Herzegovina",May,16.7,22.8,11.1,14.7,47,56,https://weatherspark.com/y/82100/Average-Weather-in-Mostar-Bosnia-&-Herzegovina-Year-Round
"Mostar, Bosnia and Herzegovina",Jun,21.1,27.2,14.4,15.4,32,46,https://weatherspark.com/y/82100/Average-Weather-in-Mostar-Bosnia-&-Herzegovina-Year-Round
"Mostar, Bosnia and Herzegovina",Jul,23.9,30.6,17.2,15.0,17,28,https://weatherspark.com/y/82100/Average-Weather-in-Mostar-Bosnia-&-Herzegovina-Year-Round
"Mostar, Bosnia and Herzegovina",Aug,23.9,30.6,16.7,13.9,21,38,https://weatherspark.com/y/82100/Average-Weather-in-Mostar-Bosnia-&-Herzegovina-Year-Round
"Mostar, Bosnia and Herzegovina",Sep,18.9,25.6,12.8,12.4,35,71,https://weatherspark.com/y/82100/Average-Weather-in-Mostar-Bosnia-&-Herzegovina-Year-Round
"Mostar, Bosnia and Herzegovina",Oct,13.9,19.4,8.3,11.0,48,89,https://weatherspark.com/y/82100/Average-Weather-in-Mostar-Bosnia-&-Herzegovina-Year-Round
"Mostar, Bosnia and Herzegovina",Nov,8.3,12.8,3.9,9.7,56,112,https://weatherspark.com/y/82100/Average-Weather-in-Mostar-Bosnia-&-Herzegovina-Year-Round
"Mostar, Bosnia and Herzegovina",Dec,3.9,8.3,0.6,9.0,56,97,https://weatherspark.com/y/82100/Average-Weather-in-Mostar-Bosnia-&-Herzegovina-Year-Round
"Tirana, Albania",Jan,5.6,11.7,0.6,9.6,51,69,https://weatherspark.com/y/84331/Average-Weather-in-Tirana-Albania-Year-Round
"Tirana, Albania",Feb,6.7,12.2,1.7,10.7,51,71,https://weatherspark.com/y/84331/Average-Weather-in-Tirana-Albania-Year-Round
"Tirana, Albania",Mar,10.0,15.6,4.4,12.0,50,61,https://weatherspark.com/y/84331/Average-Weather-in-Tirana-Albania-Year-Round
"Tirana, Albania",Apr,13.3,18.9,7.2,13.4,47,61,https://weatherspark.com/y/84331/Average-Weather-in-Tirana-Albania-Year-Round
"Tirana, Albania",May,17.8,23.9,11.7,14.5,40,41,https://weatherspark.com/y/84331/Average-Weather-in-Tirana-Albania-Year-Round
"Tirana, Albania",Jun,22.2,28.3,15.0,15.1,23,30,https://weatherspark.com/y/84331/Average-Weather-in-Tirana-Albania-Year-Round
"Tirana, Albania",Jul,24.4,31.1,17.2,14.8,10,18,https://weatherspark.com/y/84331/Average-Weather-in-Tirana-Albania-Year-Round
"Tirana, Albania",Aug,24.4,31.1,17.2,13.7,14,25,https://weatherspark.com/y/84331/Average-Weather-in-Tirana-Albania-Year-Round
"Tirana, Albania",Sep,20.0,27.2,13.9,12.4,30,61,https://weatherspark.com/y/84331/Average-Weather-in-Tirana-Albania-Year-Round
"Tirana, Albania",Oct,15.6,22.2,9.4,11.0,43,79,https://weatherspark.com/y/84331/Average-Weather-in-Tirana-Albania-Year-Round
"Tirana, Albania",Nov,10.6,16.7,5.0,9.9,50,99,https://weatherspark.com/y/84331/Average-Weather-in-Tirana-Albania-Year-Round
"Tirana, Albania",Dec,6.7,12.2,1.7,9.2,53,86,https://weatherspark.com/y/84331/Average-Weather-in-Tirana-Albania-Year-Round
"Tbilisi, Georgia",Jan,1.7,6.7,-2.2,9.6,48,5,https://weatherspark.com/y/103478/Average-Weather-in-Tbilisi-Georgia-Year-Round
"Tbilisi, Georgia",Feb,2.8,7.8,-1.1,10.6,51,8,https://weatherspark.com/y/103478/Average-Weather-in-Tbilisi-Georgia-Year-Round
"Tbilisi, Georgia",Mar,6.7,12.2,2.2,12.0,51,13,https://weatherspark.com/y/103478/Average-Weather-in-Tbilisi-Georgia-Year-Round
"Tbilisi, Georgia",Apr,12.2,17.8,7.2,13.4,52,30,https://weatherspark.com/y/103478/Average-Weather-in-Tbilisi-Georgia-Year-Round
"Tbilisi, Georgia",May,17.2,22.8,11.7,14.6,44,38,https://weatherspark.com/y/103478/Average-Weather-in-Tbilisi-Georgia-Year-Round
"Tbilisi, Georgia",Jun,21.7,27.2,16.1,15.2,25,36,https://weatherspark.com/y/103478/Average-Weather-in-Tbilisi-Georgia-Year-Round
"Tbilisi, Georgia",Jul,25.0,30.6,19.4,14.8,10,20,https://weatherspark.com/y/103478/Average-Weather-in-Tbilisi-Georgia-Year-Round
"Tbilisi, Georgia",Aug,24.4,30.0,18.9,13.8,9,20,https://weatherspark.com/y/103478/Average-Weather-in-Tbilisi-Georgia-Year-Round
"Tbilisi, Georgia",Sep,20.0,25.0,15.0,12.4,22,18,https://weatherspark.com/y/103478/Average-Weather-in-Tbilisi-Georgia-Year-Round
"Tbilisi, Georgia",Oct,13.3,18.3,8.9,11.0,43,23,https://weatherspark.com/y/103478/Average-Weather-in-Tbilisi-Georgia-Year-Round
"Tbilisi, Georgia",Nov,7.2,11.7,3.3,9.8,49,18,https://weatherspark.com/y/103478/Average-Weather-in-Tbilisi-Georgia-Year-Round
"Tbilisi, Georgia",Dec,2.8,7.2,-0.6,9.2,48,8,https://weatherspark.com/y/103478/Average-Weather-in-Tbilisi-Georgia-Year-Round
"Chengdu, China",Jan,6.1,9.4,3.3,10.4,24,0,https://weatherspark.com/y/115333/Average-Weather-in-Chengdu-China-Year-Round
"Chengdu, China",Feb,8.3,11.7,5.6,11.1,30,5,https://weatherspark.com/y/115333/Average-Weather-in-Chengdu-China-Year-Round
"Chengdu, China",Mar,12.8,16.1,8.9,12.0,41,13,https://weatherspark.com/y/115333/Average-Weather-in-Chengdu-China-Year-Round
"Chengdu, China",Apr,17.8,21.7,13.9,12.9,50,38,https://weatherspark.com/y/115333/Average-Weather-in-Chengdu-China-Year-Round
"Chengdu, China",May,21.7,26.1,18.3,13.7,46,69,https://weatherspark.com/y/115333/Average-Weather-in-Chengdu-China-Year-Round
"Chengdu, China",Jun,24.4,27.8,21.1,14.1,53,109,https://weatherspark.com/y/115333/Average-Weather-in-Chengdu-China-Year-Round
"Chengdu, China",Jul,26.1,29.4,22.8,13.9,58,188,https://weatherspark.com/y/115333/Average-Weather-in-Chengdu-China-Year-Round
"Chengdu, China",Aug,25.6,29.4,22.2,13.2,55,201,https://weatherspark.com/y/115333/Average-Weather-in-Chengdu-China-Year-Round
"Chengdu, China",Sep,22.2,25.0,18.9,12.3,47,104,https://weatherspark.com/y/115333/Average-Weather-in-Chengdu-China-Year-Round
"Chengdu, China",Oct,17.8,20.6,15.0,11.4,35,28,https://weatherspark.com/y/115333/Average-Weather-in-Chengdu-China-Year-Round
"Chengdu, China",Nov,12.8,15.6,10.0,10.6,26,8,https://weatherspark.com/y/115333/Average-Weather-in-Chengdu-China-Year-Round
"Chengdu, China",Dec,7.8,10.6,5.0,10.2,22,3,https://weatherspark.com/y/115333/Average-Weather-in-Chengdu-China-Year-Round
"Istanbul, Turkey",Jan,6.1,8.9,3.9,9.6,55,58,https://weatherspark.com/y/95434/Average-Weather-in-%C4%B0stanbul-Turkey-Year-Round
"Istanbul, Turkey",Feb,6.1,8.9,3.9,10.7,56,48,https://weatherspark.com/y/95434/Average-Weather-in-%C4%B0stanbul-Turkey-Year-Round
"Istanbul, Turkey",Mar,8.3,11.7,5.6,12.0,52,46,https://weatherspark.com/y/95434/Average-Weather-in-%C4%B0stanbul-Turkey-Year-Round
"Istanbul, Turkey",Apr,12.2,16.1,8.9,13.4,46,38,https://weatherspark.com/y/95434/Average-Weather-in-%C4%B0stanbul-Turkey-Year-Round
"Istanbul, Turkey",May,17.2,21.1,13.3,14.5,34,28,https://weatherspark.com/y/95434/Average-Weather-in-%C4%B0stanbul-Turkey-Year-Round
"Istanbul, Turkey",Jun,22.2,26.1,18.3,15.1,18,25,https://weatherspark.com/y/95434/Average-Weather-in-%C4%B0stanbul-Turkey-Year-Round
"Istanbul, Turkey",Jul,24.4,28.3,20.6,14.8,5,15,https://weatherspark.com/y/95434/Average-Weather-in-%C4%B0stanbul-Turkey-Year-Round
"Istanbul, Turkey",Aug,25.0,28.3,21.1,13.7,7,18,https://weatherspark.com/y/95434/Average-Weather-in-%C4%B0stanbul-Turkey-Year-Round
"Istanbul, Turkey",Sep,21.1,25.0,17.2,12.4,21,33,https://weatherspark.com/y/95434/Average-Weather-in-%C4%B0stanbul-Turkey-Year-Round
"Istanbul, Turkey",Oct,16.7,19.4,13.3,11.1,40,53,https://weatherspark.com/y/95434/Average-Weather-in-%C4%B0stanbul-Turkey-Year-Round
"Istanbul, Turkey",Nov,11.7,14.4,9.4,9.9,50,66,https://weatherspark.com/y/95434/Average-Weather-in-%C4%B0stanbul-Turkey-Year-Round
"Istanbul, Turkey",Dec,8.3,10.6,6.1,9.3,57,71,https://weatherspark.com/y/95434/Average-Weather-in-%C4%B0stanbul-Turkey-Year-Round
"Göreme, Turkey",Jan,-1.7,3.3,-6.7,9.8,45,15,https://weatherspark.com/y/98298/Average-Weather-in-G%C3%B6reme-Turkey-Year-Round
"Göreme, Turkey",Feb,-0.6,5.6,-5.6,10.8,47,13,https://weatherspark.com/y/98298/Average-Weather-in-G%C3%B6reme-Turkey-Year-Round
"Göreme, Turkey",Mar,4.4,10.6,-1.7,12.0,43,20,https://weatherspark.com/y/98298/Average-Weather-in-G%C3%B6reme-Turkey-Year-Round
"Göreme, Turkey",Apr,10.0,16.7,2.8,13.3,40,30,https://weatherspark.com/y/98298/Average-Weather-in-G%C3%B6reme-Turkey-Year-Round
"Göreme, Turkey",May,13.9,21.1,6.7,14.3,29,30,https://weatherspark.com/y/98298/Average-Weather-in-G%C3%B6reme-Turkey-Year-Round
"Göreme, Turkey",Jun,18.3,25.6,10.0,14.8,10,23,https://weatherspark.com/y/98298/Average-Weather-in-G%C3%B6reme-Turkey-Year-Round
"Göreme, Turkey",Jul,21.7,29.4,12.8,14.5,1,8,https://weatherspark.com/y/98298/Average-Weather-in-G%C3%B6reme-Turkey-Year-Round
"Göreme, Turkey",Aug,21.1,28.9,12.2,13.6,1,3,https://weatherspark.com/y/98298/Average-Weather-in-G%C3%B6reme-Turkey-Year-Round
"Göreme, Turkey",Sep,16.7,25.0,7.8,12.4,11,10,https://weatherspark.com/y/98298/Average-Weather-in-G%C3%B6reme-Turkey-Year-Round
"Göreme, Turkey",Oct,11.1,18.9,3.3,11.1,32,23,https://weatherspark.com/y/98298/Average-Weather-in-G%C3%B6reme-Turkey-Year-Round
"Göreme, Turkey",Nov,4.4,11.1,-1.7,10.1,41,23,https://weatherspark.com/y/98298/Average-Weather-in-G%C3%B6reme-Turkey-Year-Round
"Göreme, Turkey",Dec,0.0,5.6,-5.0,9.5,46,20,https://weatherspark.com/y/98298/Average-Weather-in-G%C3%B6reme-Turkey-Year-Round
"Varna, Bulgaria",Jan,2.2,6.1,-1.7,9.4,58,23,https://weatherspark.com/y/94446/Average-Weather-in-Varna-Bulgaria-Year-Round
"Varna, Bulgaria",Feb,2.8,7.2,-1.1,10.6,59,20,https://weatherspark.com/y/94446/Average-Weather-in-Varna-Bulgaria-Year-Round
"Varna, Bulgaria",Mar,6.1,10.6,1.7,12.0,54,25,https://weatherspark.com/y/94446/Average-Weather-in-Varna-Bulgaria-Year-Round
"Varna, Bulgaria",Apr,10.6,15.6,6.1,13.5,48,28,https://weatherspark.com/y/94446/Average-Weather-in-Varna-Bulgaria-Year-Round
"Varna, Bulgaria",May,15.6,20.6,10.6,14.7,39,25,https://weatherspark.com/y/94446/Average-Weather-in-Varna-Bulgaria-Year-Round
"Varna, Bulgaria",Jun,20.0,25.0,15.0,15.3,26,36,https://weatherspark.com/y/94446/Average-Weather-in-Varna-Bulgaria-Year-Round
"Varna, Bulgaria",Jul,22.8,27.8,17.2,15.0,12,28,https://weatherspark.com/y/94446/Average-Weather-in-Varna-Bulgaria-Year-Round
"Varna, Bulgaria",Aug,22.2,27.8,16.7,13.9,14,25,https://weatherspark.com/y/94446/Average-Weather-in-Varna-Bulgaria-Year-Round
"Varna, Bulgaria",Sep,18.3,23.3,13.3,12.4,27,36,https://weatherspark.com/y/94446/Average-Weather-in-Varna-Bulgaria-Year-Round
"Varna, Bulgaria",Oct,13.3,17.8,8.9,11.0,45,41,https://weatherspark.com/y/94446/Average-Weather-in-Varna-Bulgaria-Year-Round
"Varna, Bulgaria",Nov,8.3,12.2,3.9,9.7,55,38,https://weatherspark.com/y/94446/Average-Weather-in-Varna-Bulgaria-Year-Round
"Varna, Bulgaria",Dec,3.9,7.8,0.0,9.0,59,28,https://weatherspark.com/y/94446/Average-Weather-in-Varna-Bulgaria-Year-Round
"Ulcinj, Montenegro",Jan,7.2,11.1,3.9,9.5,50,104,https://weatherspark.com/y/84403/Average-Weather-in-Ulcinj-Montenegro-Year-Round
"Ulcinj, Montenegro",Feb,8.3,12.2,4.4,10.6,50,112,https://weatherspark.com/y/84403/Average-Weather-in-Ulcinj-Montenegro-Year-Round
"Ulcinj, Montenegro",Mar,11.1,15.0,7.8,12.0,49,91,https://weatherspark.com/y/84403/Average-Weather-in-Ulcinj-Montenegro-Year-Round
"Ulcinj, Montenegro",Apr,14.4,18.3,11.1,13.4,47,86,https://weatherspark.com/y/84403/Average-Weather-in-Ulcinj-Montenegro-Year-Round
"Ulcinj, Montenegro",May,18.9,22.8,15.0,14.6,40,56,https://weatherspark.com/y/84403/Average-Weather-in-Ulcinj-Montenegro-Year-Round
"Ulcinj, Montenegro",Jun,23.3,27.2,19.4,15.2,25,38,https://weatherspark.com/y/84403/Average-Weather-in-Ulcinj-Montenegro-Year-Round
"Ulcinj, Montenegro",Jul,26.1,30.0,21.7,14.9,11,20,https://weatherspark.com/y/84403/Average-Weather-in-Ulcinj-Montenegro-Year-Round
"Ulcinj, Montenegro",Aug,26.1,29.4,21.7,13.8,15,33,https://weatherspark.com/y/84403/Average-Weather-in-Ulcinj-Montenegro-Year-Round
"Ulcinj, Montenegro",Sep,21.7,25.6,17.8,12.4,30,81,https://weatherspark.com/y/84403/Average-Weather-in-Ulcinj-Montenegro-Year-Round
"Ulcinj, Montenegro",Oct,17.2,21.1,13.3,11.0,42,109,https://weatherspark.com/y/84403/Average-Weather-in-Ulcinj-Montenegro-Year-Round
"Ulcinj, Montenegro",Nov,12.2,16.1,8.3,9.8,49,137,https://weatherspark.com/y/84403/Average-Weather-in-Ulcinj-Montenegro-Year-Round
"Ulcinj, Montenegro",Dec,8.3,12.2,5.0,9.2,51,124,https://weatherspark.com/y/84403/Average-Weather-in-Ulcinj-Montenegro-Year-Round
"Budva, Montenegro",Jan,7.2,11.7,2.8,9.5,51,117,https://weatherspark.com/y/83130/Average-Weather-in-Budva-Montenegro-Year-Round
"Budva, Montenegro",Feb,7.8,12.2,3.3,10.6,51,124,https://weatherspark.com/y/83130/Average-Weather-in-Budva-Montenegro-Year-Round
"Budva, Montenegro",Mar,10.6,15.0,5.6,12.0,50,104,https://weatherspark.com/y/83130/Average-Weather-in-Budva-Montenegro-Year-Round
"Budva, Montenegro",Apr,13.3,18.3,8.9,13.4,48,97,https://weatherspark.com/y/83130/Average-Weather-in-Budva-Montenegro-Year-Round
"Budva, Montenegro",May,17.8,22.8,12.8,14.6,41,64,https://weatherspark.com/y/83130/Average-Weather-in-Budva-Montenegro-Year-Round
"Budva, Montenegro",Jun,22.2,27.2,16.7,15.2,26,43,https://weatherspark.com/y/83130/Average-Weather-in-Budva-Montenegro-Year-Round
"Budva, Montenegro",Jul,25.0,30.0,18.9,14.9,12,23,https://weatherspark.com/y/83130/Average-Weather-in-Budva-Montenegro-Year-Round
"Budva, Montenegro",Aug,24.4,29.4,18.9,13.8,17,38,https://weatherspark.com/y/83130/Average-Weather-in-Budva-Montenegro-Year-Round
"Budva, Montenegro",Sep,20.6,25.6,15.6,12.4,31,89,https://weatherspark.com/y/83130/Average-Weather-in-Budva-Montenegro-Year-Round
"Budva, Montenegro",Oct,16.1,21.1,11.7,11.0,43,122,https://weatherspark.com/y/83130/Average-Weather-in-Budva-Montenegro-Year-Round
"Budva, Montenegro",Nov,11.7,16.1,7.2,9.8,50,155,https://weatherspark.com/y/83130/Average-Weather-in-Budva-Montenegro-Year-Round
"Budva, Montenegro",Dec,8.3,12.2,3.9,9.1,52,140,https://weatherspark.com/y/83130/Average-Weather-in-Budva-Montenegro-Year-Round
"Dubrovnik, Croatia",Jan,8.9,12.2,6.1,9.5,50,107,https://weatherspark.com/y/83113/Average-Weather-in-Dubrovnik-Croatia-Year-Round
"Dubrovnik, Croatia",Feb,8.9,12.2,6.1,10.6,49,117,https://weatherspark.com/y/83113/Average-Weather-in-Dubrovnik-Croatia-Year-Round
"Dubrovnik, Croatia",Mar,11.7,15.0,8.3,12.0,49,99,https://weatherspark.com/y/83113/Average-Weather-in-Dubrovnik-Croatia-Year-Round
"Dubrovnik, Croatia",Apr,14.4,18.3,11.7,13.4,47,89,https://weatherspark.com/y/83113/Average-Weather-in-Dubrovnik-Croatia-Year-Round
"Dubrovnik, Croatia",May,19.4,22.2,15.6,14.7,42,64,https://weatherspark.com/y/83113/Average-Weather-in-Dubrovnik-Croatia-Year-Round
"Dubrovnik, Croatia",Jun,23.3,26.7,19.4,15.3,27,41,https://weatherspark.com/y/83113/Average-Weather-in-Dubrovnik-Croatia-Year-Round
"Dubrovnik, Croatia",Jul,26.1,29.4,22.2,14.9,14,25,https://weatherspark.com/y/83113/Average-Weather-in-Dubrovnik-Croatia-Year-Round
"Dubrovnik, Croatia",Aug,26.1,29.4,21.7,13.8,18,38,https://weatherspark.com/y/83113/Average-Weather-in-Dubrovnik-Croatia-Year-Round
"Dubrovnik, Croatia",Sep,22.2,25.6,18.3,12.4,31,79,https://weatherspark.com/y/83113/Average-Weather-in-Dubrovnik-Croatia-Year-Round
"Dubrovnik, Croatia",Oct,17.8,21.1,14.4,11.0,43,109,https://weatherspark.com/y/83113/Average-Weather-in-Dubrovnik-Croatia-Year-Round
"Dubrovnik, Croatia",Nov,13.3,16.7,10.0,9.7,49,140,https://weatherspark.com/y/83113/Average-Weather-in-Dubrovnik-Croatia-Year-Round
"Dubrovnik, Croatia",Dec,10.0,12.8,7.2,9.1,50,127,https://weatherspark.com/y/83113/Average-Weather-in-Dubrovnik-Croatia-Year-Round
"Leipzig, Germany",Jan,0.6,3.3,-1.7,8.5,63,25,https://weatherspark.com/y/73745/Average-Weather-in-Leipzig-Saxony-Germany-Year-Round
"Leipzig, Germany",Feb,1.1,4.4,-1.7,10.0,60,20,https://weatherspark.com/y/73745/Average-Weather-in-Leipzig-Saxony-Germany-Year-Round
"Leipzig, Germany",Mar,5.0,8.9,1.1,12.0,59,25,https://weatherspark.com/y/73745/Average-Weather-in-Leipzig-Saxony-Germany-Year-Round
"Leipzig, Germany",Apr,9.4,13.9,4.4,13.9,53,28,https://weatherspark.com/y/73745/Average-Weather-in-Leipzig-Saxony-Germany-Year-Round
"Leipzig, Germany",May,13.9,18.9,8.9,15.7,51,41,https://weatherspark.com/y/73745/Average-Weather-in-Leipzig-Saxony-Germany-Year-Round
"Leipzig, Germany",Jun,16.7,21.7,12.2,16.5,48,48,https://weatherspark.com/y/73745/Average-Weather-in-Leipzig-Saxony-Germany-Year-Round
"Leipzig, Germany",Jul,19.4,23.9,13.9,16.0,44,53,https://weatherspark.com/y/73745/Average-Weather-in-Leipzig-Saxony-Germany-Year-Round
"Leipzig, Germany",Aug,18.9,23.9,13.9,14.5,44,46,https://weatherspark.com/y/73745/Average-Weather-in-Leipzig-Saxony-Germany-Year-Round
"Leipzig, Germany",Sep,15.0,19.4,10.6,12.6,48,38,https://weatherspark.com/y/73745/Average-Weather-in-Leipzig-Saxony-Germany-Year-Round
"Leipzig, Germany",Oct,10.0,13.9,6.7,10.6,57,30,https://weatherspark.com/y/73745/Average-Weather-in-Leipzig-Saxony-Germany-Year-Round
"Leipzig, Germany",Nov,5.0,7.8,2.2,8.9,66,36,https://weatherspark.com/y/73745/Average-Weather-in-Leipzig-Saxony-Germany-Year-Round
"Leipzig, Germany",Dec,2.2,4.4,-0.6,7.9,67,30,https://weatherspark.com/y/73745/Average-Weather-in-Leipzig-Saxony-Germany-Year-Round
"Catania, Italy",Jan,10.0,15.0,5.6,9.9,39,56,https://weatherspark.com/y/78384/Average-Weather-in-Catania-Italy-Year-Round
"Catania, Italy",Feb,10.0,15.6,5.6,10.8,37,46,https://weatherspark.com/y/78384/Average-Weather-in-Catania-Italy-Year-Round
"Catania, Italy",Mar,12.2,17.2,6.7,12.0,37,36,https://weatherspark.com/y/78384/Average-Weather-in-Catania-Italy-Year-Round
"Catania, Italy",Apr,14.4,20.0,9.4,13.2,36,23,https://weatherspark.com/y/78384/Average-Weather-in-Catania-Italy-Year-Round
"Catania, Italy",May,18.3,23.9,12.8,14.2,33,10,https://weatherspark.com/y/78384/Average-Weather-in-Catania-Italy-Year-Round
"Catania, Italy",Jun,22.8,27.8,16.7,14.7,18,5,https://weatherspark.com/y/78384/Average-Weather-in-Catania-Italy-Year-Round
"Catania, Italy",Jul,25.6,31.1,19.4,14.4,4,3,https://weatherspark.com/y/78384/Average-Weather-in-Catania-Italy-Year-Round
"Catania, Italy",Aug,26.1,31.1,20.0,13.5,8,8,https://weatherspark.com/y/78384/Average-Weather-in-Catania-Italy-Year-Round
"Catania, Italy",Sep,23.3,28.3,17.8,12.4,26,33,https://weatherspark.com/y/78384/Average-Weather-in-Catania-Italy-Year-Round
"Catania, Italy",Oct,19.4,24.4,14.4,11.2,40,48,https://weatherspark.com/y/78384/Average-Weather-in-Catania-Italy-Year-Round
"Catania, Italy",Nov,15.0,20.0,10.0,10.1,40,61,https://weatherspark.com/y/78384/Average-Weather-in-Catania-Italy-Year-Round
"Catania, Italy",Dec,11.1,16.1,6.7,9.6,39,64,https://weatherspark.com/y/78384/Average-Weather-in-Catania-Italy-Year-Round
"Kandy, Sri Lanka",Jan,22.8,28.3,18.3,11.8,63,91,https://weatherspark.com/y/110087/Average-Weather-in-Kandy-Sri-Lanka-Year-Round
"Kandy, Sri Lanka",Feb,23.3,30.0,18.3,11.9,59,58,https://weatherspark.com/y/110087/Average-Weather-in-Kandy-Sri-Lanka-Year-Round
"Kandy, Sri Lanka",Mar,25.0,31.7,19.4,12.1,60,58,https://weatherspark.com/y/110087/Average-Weather-in-Kandy-Sri-Lanka-Year-Round
"Kandy, Sri Lanka",Apr,26.1,31.7,21.1,12.3,75,102,https://weatherspark.com/y/110087/Average-Weather-in-Kandy-Sri-Lanka-Year-Round
"Kandy, Sri Lanka",May,25.6,30.0,22.2,12.5,84,99,https://weatherspark.com/y/110087/Average-Weather-in-Kandy-Sri-Lanka-Year-Round
"Kandy, Sri Lanka",Jun,25.0,28.9,22.2,12.5,88,66,https://weatherspark.com/y/110087/Average-Weather-in-Kandy-Sri-Lanka-Year-Round
"Kandy, Sri Lanka",Jul,24.4,28.9,21.7,12.5,89,53,https://weatherspark.com/y/110087/Average-Weather-in-Kandy-Sri-Lanka-Year-Round
"Kandy, Sri Lanka",Aug,24.4,28.9,21.7,12.3,88,53,https://weatherspark.com/y/110087/Average-Weather-in-Kandy-Sri-Lanka-Year-Round
"Kandy, Sri Lanka",Sep,24.4,28.9,21.1,12.2,84,81,https://weatherspark.com/y/110087/Average-Weather-in-Kandy-Sri-Lanka-Year-Round
"Kandy, Sri Lanka",Oct,23.9,28.9,20.6,12.0,82,165,https://weatherspark.com/y/110087/Average-Weather-in-Kandy-Sri-Lanka-Year-Round
"Kandy, Sri Lanka",Nov,23.3,27.8,19.4,11.8,79,198,https://weatherspark.com/y/110087/Average-Weather-in-Kandy-Sri-Lanka-Year-Round
"Kandy, Sri Lanka",Dec,22.8,27.2,18.9,11.7,71,152,https://weatherspark.com/y/110087/Average-Weather-in-Kandy-Sri-Lanka-Year-Round
"Colombo, Sri Lanka",Jan,27.2,31.1,23.3,11.8,61,56,https://weatherspark.com/y/109720/Average-Weather-in-Colombo-Sri-Lanka-Year-Round
"Colombo, Sri Lanka",Feb,27.8,31.7,23.9,11.9,57,43,https://weatherspark.com/y/109720/Average-Weather-in-Colombo-Sri-Lanka-Year-Round
"Colombo, Sri Lanka",Mar,28.3,32.2,25.0,12.1,59,66,https://weatherspark.com/y/109720/Average-Weather-in-Colombo-Sri-Lanka-Year-Round
"Colombo, Sri Lanka",Apr,28.9,32.2,25.6,12.3,75,137,https://weatherspark.com/y/109720/Average-Weather-in-Colombo-Sri-Lanka-Year-Round
"Colombo, Sri Lanka",May,28.9,31.7,26.7,12.4,84,152,https://weatherspark.com/y/109720/Average-Weather-in-Colombo-Sri-Lanka-Year-Round
"Colombo, Sri Lanka",Jun,28.3,30.6,26.7,12.5,87,102,https://weatherspark.com/y/109720/Average-Weather-in-Colombo-Sri-Lanka-Year-Round
"Colombo, Sri Lanka",Jul,28.3,30.0,26.7,12.5,87,58,https://weatherspark.com/y/109720/Average-Weather-in-Colombo-Sri-Lanka-Year-Round
"Colombo, Sri Lanka",Aug,28.3,30.0,26.1,12.3,86,61,https://weatherspark.com/y/109720/Average-Weather-in-Colombo-Sri-Lanka-Year-Round
"Colombo, Sri Lanka",Sep,27.8,30.0,26.1,12.1,81,104,https://weatherspark.com/y/109720/Average-Weather-in-Colombo-Sri-Lanka-Year-Round
"Colombo, Sri Lanka",Oct,27.8,30.6,25.0,12.0,80,206,https://weatherspark.com/y/109720/Average-Weather-in-Colombo-Sri-Lanka-Year-Round
"Colombo, Sri Lanka",Nov,27.2,30.6,24.4,11.8,77,221,https://weatherspark.com/y/109720/Average-Weather-in-Colombo-Sri-Lanka-Year-Round
"Colombo, Sri Lanka",Dec,26.7,30.6,23.9,11.7,69,117,https://weatherspark.com/y/109720/Average-Weather-in-Colombo-Sri-Lanka-Year-Round
"Goa, India",Jan,26.7,30.6,23.3,11.3,32,0,https://weatherspark.com/y/107537/Average-Weather-in-Goa-Velha-Goa-India-Year-Round
"Goa, India",Feb,27.2,30.6,23.9,11.6,28,3,https://weatherspark.com/y/107537/Average-Weather-in-Goa-Velha-Goa-India-Year-Round
"Goa, India",Mar,28.3,31.7,25.0,12.1,31,5,https://weatherspark.com/y/107537/Average-Weather-in-Goa-Velha-Goa-India-Year-Round
"Goa, India",Apr,28.9,32.2,26.1,12.5,45,13,https://weatherspark.com/y/107537/Average-Weather-in-Goa-Velha-Goa-India-Year-Round
"Goa, India",May,29.4,32.2,27.2,12.9,65,81,https://weatherspark.com/y/107537/Average-Weather-in-Goa-Velha-Goa-India-Year-Round
"Goa, India",Jun,28.3,30.0,26.7,13.0,82,488,https://weatherspark.com/y/107537/Average-Weather-in-Goa-Velha-Goa-India-Year-Round
"Goa, India",Jul,27.2,28.3,26.1,12.9,87,564,https://weatherspark.com/y/107537/Average-Weather-in-Goa-Velha-Goa-India-Year-Round
"Goa, India",Aug,26.7,28.3,25.6,12.6,83,384,https://weatherspark.com/y/107537/Average-Weather-in-Goa-Velha-Goa-India-Year-Round
"Goa, India",Sep,27.2,29.4,25.6,12.2,73,193,https://weatherspark.com/y/107537/Average-Weather-in-Goa-Velha-Goa-India-Year-Round
"Goa, India",Oct,28.3,31.1,26.1,11.8,61,99,https://weatherspark.com/y/107537/Average-Weather-in-Goa-Velha-Goa-India-Year-Round
"Goa, India",Nov,28.3,31.7,25.6,11.4,49,23,https://weatherspark.com/y/107537/Average-Weather-in-Goa-Velha-Goa-India-Year-Round
"Goa, India",Dec,27.2,31.1,24.4,11.2,38,3,https://weatherspark.com/y/107537/Average-Weather-in-Goa-Velha-Goa-India-Year-Round
"Munnar, India",Jan,16.1,21.1,12.2,11.6,51,15,https://weatherspark.com/y/108945/Average-Weather-in-Munnar-Kerala-India-Year-Round
"Munnar, India",Feb,17.8,23.3,12.8,11.8,48,18,https://weatherspark.com/y/108945/Average-Weather-in-Munnar-Kerala-India-Year-Round
"Munnar, India",Mar,20.0,25.6,14.4,12.1,55,30,https://weatherspark.com/y/108945/Average-Weather-in-Munnar-Kerala-India-Year-Round
"Munnar, India",Apr,20.6,26.1,16.1,12.4,74,66,https://weatherspark.com/y/108945/Average-Weather-in-Munnar-Kerala-India-Year-Round
"Munnar, India",May,20.0,24.4,16.1,12.6,87,145,https://weatherspark.com/y/108945/Average-Weather-in-Munnar-Kerala-India-Year-Round
"Munnar, India",Jun,17.8,21.7,15.0,12.7,94,254,https://weatherspark.com/y/108945/Average-Weather-in-Munnar-Kerala-India-Year-Round
"Munnar, India",Jul,17.2,20.6,15.0,12.6,95,203,https://weatherspark.com/y/108945/Average-Weather-in-Munnar-Kerala-India-Year-Round
"Munnar, India",Aug,17.2,21.1,15.0,12.4,94,155,https://weatherspark.com/y/108945/Average-Weather-in-Munnar-Kerala-India-Year-Round
"Munnar, India",Sep,17.8,21.7,15.0,12.2,90,155,https://weatherspark.com/y/108945/Average-Weather-in-Munnar-Kerala-India-Year-Round
"Munnar, India",Oct,17.8,21.7,14.4,11.9,83,203,https://weatherspark.com/y/108945/Average-Weather-in-Munnar-Kerala-India-Year-Round
"Munnar, India",Nov,17.2,20.6,13.9,11.7,72,132,https://weatherspark.com/y/108945/Average-Weather-in-Munnar-Kerala-India-Year-Round
"Munnar, India",Dec,16.1,20.0,12.8,11.5,60,38,https://weatherspark.com/y/108945/Average-Weather-in-Munnar-Kerala-India-Year-Round
"Ha Giang, Vietnam",Jan,15.6,20.0,12.8,10.9,43,10,https://weatherspark.com/y/115263/Average-Weather-in-Th%C3%A0nh-Ph%E1%BB%91-H%C3%A0-Giang-Vietnam-Year-Round
"Ha Giang, Vietnam",Feb,17.8,22.2,14.4,11.4,38,10,https://weatherspark.com/y/115263/Average-Weather-in-Th%C3%A0nh-Ph%E1%BB%91-H%C3%A0-Giang-Vietnam-Year-Round
"Ha Giang, Vietnam",Mar,21.1,26.1,17.8,12.0,35,25,https://weatherspark.com/y/115263/Average-Weather-in-Th%C3%A0nh-Ph%E1%BB%91-H%C3%A0-Giang-Vietnam-Year-Round
"Ha Giang, Vietnam",Apr,25.0,30.0,21.1,12.7,44,51,https://weatherspark.com/y/115263/Average-Weather-in-Th%C3%A0nh-Ph%E1%BB%91-H%C3%A0-Giang-Vietnam-Year-Round
"Ha Giang, Vietnam",May,27.2,32.2,23.9,13.2,65,112,https://weatherspark.com/y/115263/Average-Weather-in-Th%C3%A0nh-Ph%E1%BB%91-H%C3%A0-Giang-Vietnam-Year-Round
"Ha Giang, Vietnam",Jun,28.9,33.3,25.6,13.5,86,157,https://weatherspark.com/y/115263/Average-Weather-in-Th%C3%A0nh-Ph%E1%BB%91-H%C3%A0-Giang-Vietnam-Year-Round
"Ha Giang, Vietnam",Jul,28.9,32.8,25.6,13.4,87,188,https://weatherspark.com/y/115263/Average-Weather-in-Th%C3%A0nh-Ph%E1%BB%91-H%C3%A0-Giang-Vietnam-Year-Round
"Ha Giang, Vietnam",Aug,28.9,32.8,25.6,12.9,82,185,https://weatherspark.com/y/115263/Average-Weather-in-Th%C3%A0nh-Ph%E1%BB%91-H%C3%A0-Giang-Vietnam-Year-Round
"Ha Giang, Vietnam",Sep,27.2,31.1,23.9,12.3,65,112,https://weatherspark.com/y/115263/Average-Weather-in-Th%C3%A0nh-Ph%E1%BB%91-H%C3%A0-Giang-Vietnam-Year-Round
"Ha Giang, Vietnam",Oct,24.4,28.9,21.1,11.6,47,56,https://weatherspark.com/y/115263/Average-Weather-in-Th%C3%A0nh-Ph%E1%BB%91-H%C3%A0-Giang-Vietnam-Year-Round
"Ha Giang, Vietnam",Nov,21.1,25.0,17.2,11.0,35,33,https://weatherspark.com/y/115263/Average-Weather-in-Th%C3%A0nh-Ph%E1%BB%91-H%C3%A0-Giang-Vietnam-Year-Round
"Ha Giang, Vietnam",Dec,17.2,21.7,13.3,10.8,33,13,https://weatherspark.com/y/115263/Average-Weather-in-Th%C3%A0nh-Ph%E1%BB%91-H%C3%A0-Giang-Vietnam-Year-Round
"Sanya, China",Jan,22.2,25.0,19.4,11.2,40,8,https://weatherspark.com/y/120758/Average-Weather-in-Sanya-China-Year-Round
"Sanya, China",Feb,22.8,25.6,20.6,11.6,37,5,https://weatherspark.com/y/120758/Average-Weather-in-Sanya-China-Year-Round
"Sanya, China",Mar,25.0,27.2,22.8,12.1,43,15,https://weatherspark.com/y/120758/Average-Weather-in-Sanya-China-Year-Round
"Sanya, China",Apr,27.2,28.9,25.0,12.6,60,51,https://weatherspark.com/y/120758/Average-Weather-in-Sanya-China-Year-Round
"Sanya, China",May,28.3,30.6,26.7,13.0,87,112,https://weatherspark.com/y/120758/Average-Weather-in-Sanya-China-Year-Round
"Sanya, China",Jun,28.9,30.6,27.2,13.2,93,157,https://weatherspark.com/y/120758/Average-Weather-in-Sanya-China-Year-Round
"Sanya, China",Jul,28.3,30.6,26.7,13.1,89,175,https://weatherspark.com/y/120758/Average-Weather-in-Sanya-China-Year-Round
"Sanya, China",Aug,28.3,30.0,26.1,12.7,90,190,https://weatherspark.com/y/120758/Average-Weather-in-Sanya-China-Year-Round
"Sanya, China",Sep,27.8,30.0,25.0,12.2,81,259,https://weatherspark.com/y/120758/Average-Weather-in-Sanya-China-Year-Round
"Sanya, China",Oct,26.7,29.4,23.9,11.7,65,274,https://weatherspark.com/y/120758/Average-Weather-in-Sanya-China-Year-Round
"Sanya, China",Nov,25.0,28.3,22.2,11.3,50,86,https://weatherspark.com/y/120758/Average-Weather-in-Sanya-China-Year-Round
"Sanya, China",Dec,22.8,26.1,20.0,11.1,40,23,https://weatherspark.com/y/120758/Average-Weather-in-Sanya-China-Year-Round
"Guilin, China",Jan,7.8,11.1,5.6,10.8,40,41,https://weatherspark.com/y/121829/Average-Weather-in-Guilin-China-Year-Round
"Guilin, China",Feb,10.0,12.8,7.2,11.3,41,61,https://weatherspark.com/y/121829/Average-Weather-in-Guilin-China-Year-Round
"Guilin, China",Mar,13.9,17.2,11.1,12.0,42,99,https://weatherspark.com/y/121829/Average-Weather-in-Guilin-China-Year-Round
"Guilin, China",Apr,19.4,22.8,16.1,12.8,49,165,https://weatherspark.com/y/121829/Average-Weather-in-Guilin-China-Year-Round
"Guilin, China",May,23.3,26.7,20.6,13.4,60,244,https://weatherspark.com/y/121829/Average-Weather-in-Guilin-China-Year-Round
"Guilin, China",Jun,26.7,30.0,23.9,13.7,75,287,https://weatherspark.com/y/121829/Average-Weather-in-Guilin-China-Year-Round
"Guilin, China",Jul,28.3,32.2,25.0,13.5,77,165,https://weatherspark.com/y/121829/Average-Weather-in-Guilin-China-Year-Round
"Guilin, China",Aug,28.3,32.2,25.0,13.0,70,112,https://weatherspark.com/y/121829/Average-Weather-in-Guilin-China-Year-Round
"Guilin, China",Sep,25.6,29.4,21.7,12.3,49,69,https://weatherspark.com/y/121829/Average-Weather-in-Guilin-China-Year-Round
"Guilin, China",Oct,21.1,25.6,17.2,11.5,34,56,https://weatherspark.com/y/121829/Average-Weather-in-Guilin-China-Year-Round
"Guilin, China",Nov,15.6,19.4,12.2,10.9,29,58,https://weatherspark.com/y/121829/Average-Weather-in-Guilin-China-Year-Round
"Guilin, China",Dec,10.6,14.4,7.2,10.6,28,30,https://weatherspark.com/y/121829/Average-Weather-in-Guilin-China-Year-Round
"Marrakesh, Morocco",Jan,12.2,18.9,6.7,10.4,36,33,https://weatherspark.com/y/32742/Average-Weather-in-Marrakesh-Morocco-Year-Round
"Marrakesh, Morocco",Feb,13.9,20.6,8.3,11.1,34,30,https://weatherspark.com/y/32742/Average-Weather-in-Marrakesh-Morocco-Year-Round
"Marrakesh, Morocco",Mar,16.7,23.3,11.1,12.0,34,30,https://weatherspark.com/y/32742/Average-Weather-in-Marrakesh-Morocco-Year-Round
"Marrakesh, Morocco",Apr,18.3,25.0,12.8,13.0,30,20,https://weatherspark.com/y/32742/Average-Weather-in-Marrakesh-Morocco-Year-Round
"Marrakesh, Morocco",May,21.7,28.3,15.0,13.8,26,8,https://weatherspark.com/y/32742/Average-Weather-in-Marrakesh-Morocco-Year-Round
"Marrakesh, Morocco",Jun,25.0,32.8,18.3,14.2,14,3,https://weatherspark.com/y/32742/Average-Weather-in-Marrakesh-Morocco-Year-Round
"Marrakesh, Morocco",Jul,28.9,36.7,21.1,14.0,5,0,https://weatherspark.com/y/32742/Average-Weather-in-Marrakesh-Morocco-Year-Round
"Marrakesh, Morocco",Aug,28.3,36.7,21.1,13.2,10,3,https://weatherspark.com/y/32742/Average-Weather-in-Marrakesh-Morocco-Year-Round
"Marrakesh, Morocco",Sep,25.0,32.2,18.9,12.3,28,5,https://weatherspark.com/y/32742/Average-Weather-in-Marrakesh-Morocco-Year-Round
"Marrakesh, Morocco",Oct,21.7,27.8,16.1,11.4,38,18,https://weatherspark.com/y/32742/Average-Weather-in-Marrakesh-Morocco-Year-Round
"Marrakesh, Morocco",Nov,16.7,22.8,11.1,10.5,37,36,https://weatherspark.com/y/32742/Average-Weather-in-Marrakesh-Morocco-Year-Round
"Marrakesh, Morocco",Dec,13.3,19.4,7.8,10.1,37,28,https://weatherspark.com/y/32742/Average-Weather-in-Marrakesh-Morocco-Year-Round
"Palermo, Italy",Jan,12.2,14.4,9.4,9.9,42,71,https://weatherspark.com/y/74359/Average-Weather-in-Palermo-Italy-Year-Round
"Palermo, Italy",Feb,11.7,14.4,8.9,10.8,40,66,https://weatherspark.com/y/74359/Average-Weather-in-Palermo-Italy-Year-Round
"Palermo, Italy",Mar,13.3,16.1,10.6,12.0,38,53,https://weatherspark.com/y/74359/Average-Weather-in-Palermo-Italy-Year-Round
"Palermo, Italy",Apr,15.6,18.9,12.8,13.2,37,41,https://weatherspark.com/y/74359/Average-Weather-in-Palermo-Italy-Year-Round
"Palermo, Italy",May,19.4,22.8,16.1,14.3,34,23,https://weatherspark.com/y/74359/Average-Weather-in-Palermo-Italy-Year-Round
"Palermo, Italy",Jun,23.3,27.2,20.0,14.8,21,10,https://weatherspark.com/y/74359/Average-Weather-in-Palermo-Italy-Year-Round
"Palermo, Italy",Jul,26.1,30.0,22.8,14.5,5,5,https://weatherspark.com/y/74359/Average-Weather-in-Palermo-Italy-Year-Round
"Palermo, Italy",Aug,26.7,30.0,22.8,13.6,10,10,https://weatherspark.com/y/74359/Average-Weather-in-Palermo-Italy-Year-Round
"Palermo, Italy",Sep,23.9,27.2,20.6,12.4,28,43,https://weatherspark.com/y/74359/Average-Weather-in-Palermo-Italy-Year-Round
"Palermo, Italy",Oct,21.1,23.9,17.8,11.2,42,69,https://weatherspark.com/y/74359/Average-Weather-in-Palermo-Italy-Year-Round
"Palermo, Italy",Nov,16.7,19.4,13.9,10.1,42,74,https://weatherspark.com/y/74359/Average-Weather-in-Palermo-Italy-Year-Round
"Palermo, Italy",Dec,13.3,16.1,10.6,9.6,42,76,https://weatherspark.com/y/74359/Average-Weather-in-Palermo-Italy-Year-Round
"Athens, Greece",Jan,8.9,12.8,5.6,9.9,40,46,https://weatherspark.com/y/89228/Average-Weather-in-Athens-Greece-Year-Round
"Athens, Greece",Feb,9.4,13.3,5.6,10.8,41,43,https://weatherspark.com/y/89228/Average-Weather-in-Athens-Greece-Year-Round
"Athens, Greece",Mar,11.1,15.6,7.2,12.0,39,41,https://weatherspark.com/y/89228/Average-Weather-in-Athens-Greece-Year-Round
"Athens, Greece",Apr,15.0,20.0,10.6,13.2,35,25,https://weatherspark.com/y/89228/Average-Weather-in-Athens-Greece-Year-Round
"Athens, Greece",May,20.0,25.0,15.0,14.3,28,15,https://weatherspark.com/y/89228/Average-Weather-in-Athens-Greece-Year-Round
"Athens, Greece",Jun,25.0,30.0,19.4,14.8,12,10,https://weatherspark.com/y/89228/Average-Weather-in-Athens-Greece-Year-Round
"Athens, Greece",Jul,27.8,32.8,22.8,14.5,2,5,https://weatherspark.com/y/89228/Average-Weather-in-Athens-Greece-Year-Round
"Athens, Greece",Aug,27.8,32.2,22.8,13.6,4,5,https://weatherspark.com/y/89228/Average-Weather-in-Athens-Greece-Year-Round
"Athens, Greece",Sep,23.9,28.3,18.9,12.4,17,13,https://weatherspark.com/y/89228/Average-Weather-in-Athens-Greece-Year-Round
"Athens, Greece",Oct,18.9,22.8,15.0,11.2,35,36,https://weatherspark.com/y/89228/Average-Weather-in-Athens-Greece-Year-Round
"Athens, Greece",Nov,13.9,17.8,10.6,10.1,42,61,https://weatherspark.com/y/89228/Average-Weather-in-Athens-Greece-Year-Round
"Athens, Greece",Dec,10.6,13.9,7.2,9.6,44,56,https://weatherspark.com/y/89228/Average-Weather-in-Athens-Greece-Year-Round
"Katowice, Poland",Jan,-1.7,1.1,-4.4,8.6,65,15,https://weatherspark.com/y/85111/Average-Weather-in-Katowice-Poland-Year-Round
"Katowice, Poland",Feb,-0.6,2.8,-3.9,10.1,64,15,https://weatherspark.com/y/85111/Average-Weather-in-Katowice-Poland-Year-Round
"Katowice, Poland",Mar,3.3,7.2,-1.1,12.0,59,25,https://weatherspark.com/y/85111/Average-Weather-in-Katowice-Poland-Year-Round
"Katowice, Poland",Apr,8.3,13.3,3.3,13.9,54,33,https://weatherspark.com/y/85111/Average-Weather-in-Katowice-Poland-Year-Round
"Katowice, Poland",May,13.9,18.3,7.8,15.5,50,58,https://weatherspark.com/y/85111/Average-Weather-in-Katowice-Poland-Year-Round
"Katowice, Poland",Jun,16.7,21.1,11.1,16.3,46,71,https://weatherspark.com/y/85111/Average-Weather-in-Katowice-Poland-Year-Round
"Katowice, Poland",Jul,18.3,23.3,12.8,15.9,40,74,https://weatherspark.com/y/85111/Average-Weather-in-Katowice-Poland-Year-Round
"Katowice, Poland",Aug,17.8,22.8,12.2,14.4,42,61,https://weatherspark.com/y/85111/Average-Weather-in-Katowice-Poland-Year-Round
"Katowice, Poland",Sep,13.3,18.3,8.3,12.5,48,51,https://weatherspark.com/y/85111/Average-Weather-in-Katowice-Poland-Year-Round
"Katowice, Poland",Oct,8.9,12.8,4.4,10.7,55,36,https://weatherspark.com/y/85111/Average-Weather-in-Katowice-Poland-Year-Round
"Katowice, Poland",Nov,3.9,6.1,0.6,9.0,65,28,https://weatherspark.com/y/85111/Average-Weather-in-Katowice-Poland-Year-Round
"Katowice, Poland",Dec,-0.6,2.2,-2.8,8.1,66,20,https://weatherspark.com/y/85111/Average-Weather-in-Katowice-Poland-Year-Round
"Kraków, Poland",Jan,-1.7,1.7,-5.0,8.6,63,15,https://weatherspark.com/y/85104/Average-Weather-in-Krak%C3%B3w-Poland-Year-Round
"Kraków, Poland",Feb,-0.6,2.8,-3.9,10.1,64,15,https://weatherspark.com/y/85104/Average-Weather-in-Krak%C3%B3w-Poland-Year-Round
"Kraków, Poland",Mar,3.3,7.8,-0.6,12.0,59,25,https://weatherspark.com/y/85104/Average-Weather-in-Krak%C3%B3w-Poland-Year-Round
"Kraków, Poland",Apr,8.9,13.9,3.9,13.9,54,38,https://weatherspark.com/y/85104/Average-Weather-in-Krak%C3%B3w-Poland-Year-Round
"Kraków, Poland",May,13.9,19.4,8.3,15.5,51,64,https://weatherspark.com/y/85104/Average-Weather-in-Krak%C3%B3w-Poland-Year-Round
"Kraków, Poland",Jun,17.2,22.2,11.7,16.3,46,76,https://weatherspark.com/y/85104/Average-Weather-in-Krak%C3%B3w-Poland-Year-Round
"Kraków, Poland",Jul,18.9,23.9,13.3,15.8,40,79,https://weatherspark.com/y/85104/Average-Weather-in-Krak%C3%B3w-Poland-Year-Round
"Kraków, Poland",Aug,18.3,23.3,12.8,14.4,41,66,https://weatherspark.com/y/85104/Average-Weather-in-Krak%C3%B3w-Poland-Year-Round
"Kraków, Poland",Sep,13.9,18.9,8.9,12.5,48,53,https://weatherspark.com/y/85104/Average-Weather-in-Krak%C3%B3w-Poland-Year-Round
"Kraków, Poland",Oct,8.9,13.3,4.4,10.7,54,36,https://weatherspark.com/y/85104/Average-Weather-in-Krak%C3%B3w-Poland-Year-Round
"Kraków, Poland",Nov,3.9,6.7,0.0,9.0,63,25,https://weatherspark.com/y/85104/Average-Weather-in-Krak%C3%B3w-Poland-Year-Round
"Kraków, Poland",Dec,-0.6,2.8,-3.3,8.1,64,18,https://weatherspark.com/y/85104/Average-Weather-in-Krak%C3%B3w-Poland-Year-Round
"Gdańsk, Poland",Jan,-0.6,1.7,-2.8,8.0,67,20,https://weatherspark.com/y/84138/Average-Weather-in-Gda%C5%84sk-Poland-Year-Round
"Gdańsk, Poland",Feb,0.0,2.8,-2.8,9.8,65,18,https://weatherspark.com/y/84138/Average-Weather-in-Gda%C5%84sk-Poland-Year-Round
"Gdańsk, Poland",Mar,2.8,6.1,-0.6,12.0,59,23,https://weatherspark.com/y/84138/Average-Weather-in-Gda%C5%84sk-Poland-Year-Round
"Gdańsk, Poland",Apr,7.2,11.7,2.8,14.2,54,25,https://weatherspark.com/y/84138/Average-Weather-in-Gda%C5%84sk-Poland-Year-Round
"Gdańsk, Poland",May,12.2,17.2,7.2,16.1,49,36,https://weatherspark.com/y/84138/Average-Weather-in-Gda%C5%84sk-Poland-Year-Round
"Gdańsk, Poland",Jun,15.6,20.0,10.6,17.1,45,46,https://weatherspark.com/y/84138/Average-Weather-in-Gda%C5%84sk-Poland-Year-Round
"Gdańsk, Poland",Jul,18.3,22.2,13.3,16.5,43,56,https://weatherspark.com/y/84138/Average-Weather-in-Gda%C5%84sk-Poland-Year-Round
"Gdańsk, Poland",Aug,17.8,21.7,12.8,14.8,44,48,https://weatherspark.com/y/84138/Average-Weather-in-Gda%C5%84sk-Poland-Year-Round
"Gdańsk, Poland",Sep,13.9,17.8,9.4,12.6,49,43,https://weatherspark.com/y/84138/Average-Weather-in-Gda%C5%84sk-Poland-Year-Round
"Gdańsk, Poland",Oct,8.9,12.2,5.6,10.4,57,36,https://weatherspark.com/y/84138/Average-Weather-in-Gda%C5%84sk-Poland-Year-Round
"Gdańsk, Poland",Nov,4.4,6.7,1.7,8.5,67,36,https://weatherspark.com/y/84138/Average-Weather-in-Gda%C5%84sk-Poland-Year-Round
"Gdańsk, Poland",Dec,1.1,3.3,-1.1,7.4,68,28,https://weatherspark.com/y/84138/Average-Weather-in-Gda%C5%84sk-Poland-Year-Round
"Riga, Latvia",Jan,-2.8,-0.6,-5.0,7.5,74,23,https://weatherspark.com/y/91560/Average-Weather-in-Riga-Latvia-Year-Round
"Riga, Latvia",Feb,-2.8,0.0,-5.6,9.6,71,20,https://weatherspark.com/y/91560/Average-Weather-in-Riga-Latvia-Year-Round
"Riga, Latvia",Mar,0.6,4.4,-2.8,11.9,64,23,https://weatherspark.com/y/91560/Average-Weather-in-Riga-Latvia-Year-Round
"Riga, Latvia",Apr,6.7,11.1,1.7,14.4,57,30,https://weatherspark.com/y/91560/Average-Weather-in-Riga-Latvia-Year-Round
"Riga, Latvia",May,12.2,17.2,6.7,16.6,49,43,https://weatherspark.com/y/91560/Average-Weather-in-Riga-Latvia-Year-Round
"Riga, Latvia",Jun,16.1,20.0,10.6,17.8,47,58,https://weatherspark.com/y/91560/Average-Weather-in-Riga-Latvia-Year-Round
"Riga, Latvia",Jul,18.3,22.8,13.3,17.1,44,58,https://weatherspark.com/y/91560/Average-Weather-in-Riga-Latvia-Year-Round
"Riga, Latvia",Aug,17.2,21.7,12.2,15.1,47,56,https://weatherspark.com/y/91560/Average-Weather-in-Riga-Latvia-Year-Round
"Riga, Latvia",Sep,12.8,16.7,8.3,12.7,53,48,https://weatherspark.com/y/91560/Average-Weather-in-Riga-Latvia-Year-Round
"Riga, Latvia",Oct,7.2,10.6,3.9,10.3,62,51,https://weatherspark.com/y/91560/Average-Weather-in-Riga-Latvia-Year-Round
"Riga, Latvia",Nov,2.2,4.4,0.0,8.1,72,41,https://weatherspark.com/y/91560/Average-Weather-in-Riga-Latvia-Year-Round
"Riga, Latvia",Dec,-1.1,0.6,-3.3,6.8,74,25,https://weatherspark.com/y/91560/Average-Weather-in-Riga-Latvia-Year-Round
"Tallinn, Estonia",Jan,-3.3,-1.1,-5.6,7.0,72,18,https://weatherspark.com/y/91604/Average-Weather-in-Tallinn-Estonia-Year-Round
"Tallinn, Estonia",Feb,-3.9,-1.7,-6.7,9.3,70,13,https://weatherspark.com/y/91604/Average-Weather-in-Tallinn-Estonia-Year-Round
"Tallinn, Estonia",Mar,-1.1,2.2,-3.9,11.9,63,18,https://weatherspark.com/y/91604/Average-Weather-in-Tallinn-Estonia-Year-Round
"Tallinn, Estonia",Apr,4.4,8.3,0.6,14.6,58,25,https://weatherspark.com/y/91604/Average-Weather-in-Tallinn-Estonia-Year-Round
"Tallinn, Estonia",May,10.0,14.4,5.0,17.1,48,36,https://weatherspark.com/y/91604/Average-Weather-in-Tallinn-Estonia-Year-Round
"Tallinn, Estonia",Jun,14.4,18.3,9.4,18.5,45,48,https://weatherspark.com/y/91604/Average-Weather-in-Tallinn-Estonia-Year-Round
"Tallinn, Estonia",Jul,17.2,21.1,12.2,17.7,42,48,https://weatherspark.com/y/91604/Average-Weather-in-Tallinn-Estonia-Year-Round
"Tallinn, Estonia",Aug,16.1,19.4,11.7,15.4,46,53,https://weatherspark.com/y/91604/Average-Weather-in-Tallinn-Estonia-Year-Round
"Tallinn, Estonia",Sep,11.7,15.0,7.8,12.7,50,48,https://weatherspark.com/y/91604/Average-Weather-in-Tallinn-Estonia-Year-Round
"Tallinn, Estonia",Oct,6.7,8.9,3.9,10.1,60,51,https://weatherspark.com/y/91604/Average-Weather-in-Tallinn-Estonia-Year-Round
"Tallinn, Estonia",Nov,1.7,3.9,-0.6,7.6,69,38,https://weatherspark.com/y/91604/Average-Weather-in-Tallinn-Estonia-Year-Round
"Tallinn, Estonia",Dec,-1.1,0.6,-3.9,6.2,70,20,https://weatherspark.com/y/91604/Average-Weather-in-Tallinn-Estonia-Year-Round
"Turin, Italy",Jan,2.8,7.2,-0.6,9.2,44,23,https://weatherspark.com/y/55583/Average-Weather-in-Turin-Italy-Year-Round
"Turin, Italy",Feb,4.4,9.4,1.1,10.5,44,28,https://weatherspark.com/y/55583/Average-Weather-in-Turin-Italy-Year-Round
"Turin, Italy",Mar,9.4,13.9,4.4,12.0,46,38,https://weatherspark.com/y/55583/Average-Weather-in-Turin-Italy-Year-Round
"Turin, Italy",Apr,12.2,17.2,8.3,13.6,50,69,https://weatherspark.com/y/55583/Average-Weather-in-Turin-Italy-Year-Round
"Turin, Italy",May,16.7,21.1,12.2,14.9,51,79,https://weatherspark.com/y/55583/Average-Weather-in-Turin-Italy-Year-Round
"Turin, Italy",Jun,21.1,25.6,16.1,15.6,39,56,https://weatherspark.com/y/55583/Average-Weather-in-Turin-Italy-Year-Round
"Turin, Italy",Jul,23.3,28.3,18.3,15.2,27,38,https://weatherspark.com/y/55583/Average-Weather-in-Turin-Italy-Year-Round
"Turin, Italy",Aug,22.8,27.8,18.3,14.0,30,46,https://weatherspark.com/y/55583/Average-Weather-in-Turin-Italy-Year-Round
"Turin, Italy",Sep,18.9,23.3,14.4,12.5,39,58,https://weatherspark.com/y/55583/Average-Weather-in-Turin-Italy-Year-Round
"Turin, Italy",Oct,13.3,17.2,9.4,10.9,50,71,https://weatherspark.com/y/55583/Average-Weather-in-Turin-Italy-Year-Round
"Turin, Italy",Nov,7.2,11.7,3.9,9.5,50,64,https://weatherspark.com/y/55583/Average-Weather-in-Turin-Italy-Year-Round
"Turin, Italy",Dec,3.3,7.8,0.6,8.8,45,33,https://weatherspark.com/y/55583/Average-Weather-in-Turin-Italy-Year-Round
"Rome, Italy",Jan,7.2,12.2,2.8,9.5,47,53,https://weatherspark.com/y/71779/Average-Weather-in-Rome-Italy-Year-Round
"Rome, Italy",Feb,7.8,13.3,3.3,10.6,44,61,https://weatherspark.com/y/71779/Average-Weather-in-Rome-Italy-Year-Round
"Rome, Italy",Mar,10.6,15.6,5.6,12.0,44,48,https://weatherspark.com/y/71779/Average-Weather-in-Rome-Italy-Year-Round
"Rome, Italy",Apr,13.3,18.9,8.3,13.4,43,48,https://weatherspark.com/y/71779/Average-Weather-in-Rome-Italy-Year-Round
"Rome, Italy",May,17.8,23.3,12.2,14.6,39,38,https://weatherspark.com/y/71779/Average-Weather-in-Rome-Italy-Year-Round
"Rome, Italy",Jun,21.7,27.2,15.6,15.2,25,25,https://weatherspark.com/y/71779/Average-Weather-in-Rome-Italy-Year-Round
"Rome, Italy",Jul,24.4,30.6,18.3,14.8,13,18,https://weatherspark.com/y/71779/Average-Weather-in-Rome-Italy-Year-Round
"Rome, Italy",Aug,25.0,30.6,18.3,13.8,18,23,https://weatherspark.com/y/71779/Average-Weather-in-Rome-Italy-Year-Round
"Rome, Italy",Sep,21.1,26.7,15.6,12.4,32,61,https://weatherspark.com/y/71779/Average-Weather-in-Rome-Italy-Year-Round
"Rome, Italy",Oct,16.7,22.2,11.7,11.0,43,86,https://weatherspark.com/y/71779/Average-Weather-in-Rome-Italy-Year-Round
"Rome, Italy",Nov,11.7,16.7,7.2,9.8,47,94,https://weatherspark.com/y/71779/Average-Weather-in-Rome-Italy-Year-Round
"Rome, Italy",Dec,7.8,12.8,3.9,9.2,46,71,https://weatherspark.com/y/71779/Average-Weather-in-Rome-Italy-Year-Round
"Florence, Italy",Jan,6.1,10.6,2.2,9.4,57,41,https://weatherspark.com/y/69010/Average-Weather-in-Florence-Italy-Year-Round
"Florence, Italy",Feb,7.2,11.7,2.8,10.5,53,43,https://weatherspark.com/y/69010/Average-Weather-in-Florence-Italy-Year-Round
"Florence, Italy",Mar,10.6,15.6,5.6,12.0,51,43,https://weatherspark.com/y/69010/Average-Weather-in-Florence-Italy-Year-Round
"Florence, Italy",Apr,13.3,18.9,8.3,13.5,51,51,https://weatherspark.com/y/69010/Average-Weather-in-Florence-Italy-Year-Round
"Florence, Italy",May,17.8,23.3,12.2,14.8,46,46,https://weatherspark.com/y/69010/Average-Weather-in-Florence-Italy-Year-Round
"Florence, Italy",Jun,22.2,27.8,16.1,15.4,33,38,https://weatherspark.com/y/69010/Average-Weather-in-Florence-Italy-Year-Round
"Florence, Italy",Jul,25.0,31.1,18.3,15.0,19,25,https://weatherspark.com/y/69010/Average-Weather-in-Florence-Italy-Year-Round
"Florence, Italy",Aug,25.0,31.1,18.3,13.9,24,33,https://weatherspark.com/y/69010/Average-Weather-in-Florence-Italy-Year-Round
"Florence, Italy",Sep,20.6,26.1,15.0,12.4,37,61,https://weatherspark.com/y/69010/Average-Weather-in-Florence-Italy-Year-Round
"Florence, Italy",Oct,16.1,20.6,11.1,11.0,49,79,https://weatherspark.com/y/69010/Average-Weather-in-Florence-Italy-Year-Round
"Florence, Italy",Nov,10.6,14.4,6.1,9.6,57,81,https://weatherspark.com/y/69010/Average-Weather-in-Florence-Italy-Year-Round
"Florence, Italy",Dec,6.7,10.6,2.8,9.0,58,53,https://weatherspark.com/y/69010/Average-Weather-in-Florence-Italy-Year-Round
"Bled, Slovenia",Jan,-2.2,1.7,-5.0,9.1,55,25,https://weatherspark.com/y/77444/Average-Weather-in-Bled-Slovenia-Year-Round
"Bled, Slovenia",Feb,-0.6,4.4,-4.4,10.4,55,30,https://weatherspark.com/y/77444/Average-Weather-in-Bled-Slovenia-Year-Round
"Bled, Slovenia",Mar,4.4,9.4,-0.6,12.0,57,46,https://weatherspark.com/y/77444/Average-Weather-in-Bled-Slovenia-Year-Round
"Bled, Slovenia",Apr,8.9,14.4,3.9,13.6,57,61,https://weatherspark.com/y/77444/Average-Weather-in-Bled-Slovenia-Year-Round
"Bled, Slovenia",May,13.9,18.9,8.3,15.0,54,74,https://weatherspark.com/y/77444/Average-Weather-in-Bled-Slovenia-Year-Round
"Bled, Slovenia",Jun,17.2,22.8,11.7,15.7,46,91,https://weatherspark.com/y/77444/Average-Weather-in-Bled-Slovenia-Year-Round
"Bled, Slovenia",Jul,19.4,25.0,13.3,15.3,35,86,https://weatherspark.com/y/77444/Average-Weather-in-Bled-Slovenia-Year-Round
"Bled, Slovenia",Aug,18.9,24.4,12.8,14.1,36,89,https://weatherspark.com/y/77444/Average-Weather-in-Bled-Slovenia-Year-Round
"Bled, Slovenia",Sep,14.4,20.0,9.4,12.5,46,99,https://weatherspark.com/y/77444/Average-Weather-in-Bled-Slovenia-Year-Round
"Bled, Slovenia",Oct,9.4,13.9,5.0,10.8,56,94,https://weatherspark.com/y/77444/Average-Weather-in-Bled-Slovenia-Year-Round
"Bled, Slovenia",Nov,3.3,6.7,0.6,9.4,61,76,https://weatherspark.com/y/77444/Average-Weather-in-Bled-Slovenia-Year-Round
"Bled, Slovenia",Dec,-1.1,2.2,-3.9,8.7,57,43,https://weatherspark.com/y/77444/Average-Weather-in-Bled-Slovenia-Year-Round
"Trieste, Italy",Jan,5.6,8.3,3.3,9.2,54,51,https://weatherspark.com/y/75057/Average-Weather-in-Trieste-Italy-Year-Round
"Trieste, Italy",Feb,6.1,8.9,3.9,10.4,51,53,https://weatherspark.com/y/75057/Average-Weather-in-Trieste-Italy-Year-Round
"Trieste, Italy",Mar,9.4,12.2,6.7,12.0,52,56,https://weatherspark.com/y/75057/Average-Weather-in-Trieste-Italy-Year-Round
"Trieste, Italy",Apr,13.3,16.7,10.6,13.6,52,64,https://weatherspark.com/y/75057/Average-Weather-in-Trieste-Italy-Year-Round
"Trieste, Italy",May,18.3,21.7,14.4,15.0,49,69,https://weatherspark.com/y/75057/Average-Weather-in-Trieste-Italy-Year-Round
"Trieste, Italy",Jun,21.7,25.6,18.3,15.6,39,69,https://weatherspark.com/y/75057/Average-Weather-in-Trieste-Italy-Year-Round
"Trieste, Italy",Jul,24.4,28.3,20.6,15.3,27,51,https://weatherspark.com/y/75057/Average-Weather-in-Trieste-Italy-Year-Round
"Trieste, Italy",Aug,24.4,27.8,20.6,14.0,29,61,https://weatherspark.com/y/75057/Average-Weather-in-Trieste-Italy-Year-Round
"Trieste, Italy",Sep,20.0,23.3,16.7,12.5,40,91,https://weatherspark.com/y/75057/Average-Weather-in-Trieste-Italy-Year-Round
"Trieste, Italy",Oct,15.6,18.3,12.8,10.9,49,97,https://weatherspark.com/y/75057/Average-Weather-in-Trieste-Italy-Year-Round
"Trieste, Italy",Nov,10.6,13.3,8.3,9.5,56,94,https://weatherspark.com/y/75057/Average-Weather-in-Trieste-Italy-Year-Round
"Trieste, Italy",Dec,6.7,9.4,4.4,8.8,56,71,https://weatherspark.com/y/75057/Average-Weather-in-Trieste-Italy-Year-Round
"Vienna, Austria",Jan,0.0,2.8,-2.8,8.9,55,15,https://weatherspark.com/y/81358/Average-Weather-in-Vienna-Austria-Year-Round
"Vienna, Austria",Feb,1.1,4.4,-1.7,10.3,55,15,https://weatherspark.com/y/81358/Average-Weather-in-Vienna-Austria-Year-Round
"Vienna, Austria",Mar,5.6,10.0,1.7,12.0,56,23,https://weatherspark.com/y/81358/Average-Weather-in-Vienna-Austria-Year-Round
"Vienna, Austria",Apr,10.6,15.6,5.6,13.7,51,30,https://weatherspark.com/y/81358/Average-Weather-in-Vienna-Austria-Year-Round
"Vienna, Austria",May,15.0,20.0,10.0,15.3,49,51,https://weatherspark.com/y/81358/Average-Weather-in-Vienna-Austria-Year-Round
"Vienna, Austria",Jun,18.3,23.3,13.3,16.0,44,58,https://weatherspark.com/y/81358/Average-Weather-in-Vienna-Austria-Year-Round
"Vienna, Austria",Jul,20.6,25.6,15.0,15.6,36,58,https://weatherspark.com/y/81358/Average-Weather-in-Vienna-Austria-Year-Round
"Vienna, Austria",Aug,20.0,25.0,14.4,14.2,37,58,https://weatherspark.com/y/81358/Average-Weather-in-Vienna-Austria-Year-Round
"Vienna, Austria",Sep,15.6,20.0,11.1,12.5,45,51,https://weatherspark.com/y/81358/Average-Weather-in-Vienna-Austria-Year-Round
"Vienna, Austria",Oct,10.0,13.9,6.1,10.8,51,33,https://weatherspark.com/y/81358/Average-Weather-in-Vienna-Austria-Year-Round
"Vienna, Austria",Nov,5.0,7.2,2.2,9.2,60,28,https://weatherspark.com/y/81358/Average-Weather-in-Vienna-Austria-Year-Round
"Vienna, Austria",Dec,1.1,3.3,-1.1,8.4,59,20,https://weatherspark.com/y/81358/Average-Weather-in-Vienna-Austria-Year-Round
"Budapest, Hungary",Jan,0.0,2.8,-3.3,9.0,62,18,https://weatherspark.com/y/84771/Average-Weather-in-Budapest-Hungary-Year-Round
"Budapest, Hungary",Feb,1.1,5.0,-2.2,10.3,59,18,https://weatherspark.com/y/84771/Average-Weather-in-Budapest-Hungary-Year-Round
"Budapest, Hungary",Mar,6.1,10.6,1.7,12.0,55,23,https://weatherspark.com/y/84771/Average-Weather-in-Budapest-Hungary-Year-Round
"Budapest, Hungary",Apr,11.7,16.7,6.7,13.7,52,33,https://weatherspark.com/y/84771/Average-Weather-in-Budapest-Hungary-Year-Round
"Budapest, Hungary",May,16.7,21.7,11.1,15.2,48,48,https://weatherspark.com/y/84771/Average-Weather-in-Budapest-Hungary-Year-Round
"Budapest, Hungary",Jun,20.0,25.0,14.4,15.9,41,51,https://weatherspark.com/y/84771/Average-Weather-in-Budapest-Hungary-Year-Round
"Budapest, Hungary",Jul,21.7,27.2,16.1,15.5,32,48,https://weatherspark.com/y/84771/Average-Weather-in-Budapest-Hungary-Year-Round
"Budapest, Hungary",Aug,21.1,26.7,15.0,14.2,34,46,https://weatherspark.com/y/84771/Average-Weather-in-Budapest-Hungary-Year-Round
"Budapest, Hungary",Sep,16.7,21.7,11.1,12.5,43,41,https://weatherspark.com/y/84771/Average-Weather-in-Budapest-Hungary-Year-Round
"Budapest, Hungary",Oct,11.1,15.6,5.6,10.8,50,36,https://weatherspark.com/y/84771/Average-Weather-in-Budapest-Hungary-Year-Round
"Budapest, Hungary",Nov,5.0,8.3,1.7,9.3,61,36,https://weatherspark.com/y/84771/Average-Weather-in-Budapest-Hungary-Year-Round
"Budapest, Hungary",Dec,0.6,3.3,-2.2,8.5,64,25,https://weatherspark.com/y/84771/Average-Weather-in-Budapest-Hungary-Year-Round
"Bratislava, Slovakia",Jan,0.0,2.8,-2.8,8.9,59,15,https://weatherspark.com/y/82397/Average-Weather-in-Bratislava-Slovakia-Year-Round
"Bratislava, Slovakia",Feb,1.1,5.0,-1.7,10.3,57,15,https://weatherspark.com/y/82397/Average-Weather-in-Bratislava-Slovakia-Year-Round
"Bratislava, Slovakia",Mar,5.6,10.0,1.7,12.0,56,23,https://weatherspark.com/y/82397/Average-Weather-in-Bratislava-Slovakia-Year-Round
"Bratislava, Slovakia",Apr,11.1,16.1,6.1,13.7,51,30,https://weatherspark.com/y/82397/Average-Weather-in-Bratislava-Slovakia-Year-Round
"Bratislava, Slovakia",May,15.6,21.1,10.6,15.2,48,46,https://weatherspark.com/y/82397/Average-Weather-in-Bratislava-Slovakia-Year-Round
"Bratislava, Slovakia",Jun,18.9,24.4,13.9,16.0,42,51,https://weatherspark.com/y/82397/Average-Weather-in-Bratislava-Slovakia-Year-Round
"Bratislava, Slovakia",Jul,21.1,26.7,15.6,15.6,35,51,https://weatherspark.com/y/82397/Average-Weather-in-Bratislava-Slovakia-Year-Round
"Bratislava, Slovakia",Aug,20.6,26.1,15.0,14.2,36,51,https://weatherspark.com/y/82397/Average-Weather-in-Bratislava-Slovakia-Year-Round
"Bratislava, Slovakia",Sep,16.1,21.1,11.1,12.5,44,48,https://weatherspark.com/y/82397/Average-Weather-in-Bratislava-Slovakia-Year-Round
"Bratislava, Slovakia",Oct,10.6,15.0,6.1,10.8,51,33,https://weatherspark.com/y/82397/Average-Weather-in-Bratislava-Slovakia-Year-Round
"Bratislava, Slovakia",Nov,5.0,7.8,1.7,9.2,62,30,https://weatherspark.com/y/82397/Average-Weather-in-Bratislava-Slovakia-Year-Round
"Bratislava, Slovakia",Dec,1.1,3.3,-1.7,8.4,63,20,https://weatherspark.com/y/82397/Average-Weather-in-Bratislava-Slovakia-Year-Round
"Prague, Czechia",Jan,-0.6,2.2,-2.8,8.6,60,15,https://weatherspark.com/y/77807/Average-Weather-in-Prague-Czechia-Year-Round
"Prague, Czechia",Feb,0.6,3.9,-2.2,10.1,58,15,https://weatherspark.com/y/77807/Average-Weather-in-Prague-Czechia-Year-Round
"Prague, Czechia",Mar,4.4,8.9,1.1,12.0,58,20,https://weatherspark.com/y/77807/Average-Weather-in-Prague-Czechia-Year-Round
"Prague, Czechia",Apr,9.4,13.9,4.4,13.9,54,25,https://weatherspark.com/y/77807/Average-Weather-in-Prague-Czechia-Year-Round
"Prague, Czechia",May,13.9,18.9,8.9,15.5,52,46,https://weatherspark.com/y/77807/Average-Weather-in-Prague-Czechia-Year-Round
"Prague, Czechia",Jun,17.2,21.7,12.2,16.3,48,58,https://weatherspark.com/y/77807/Average-Weather-in-Prague-Czechia-Year-Round
"Prague, Czechia",Jul,19.4,23.9,13.9,15.8,43,66,https://weatherspark.com/y/77807/Average-Weather-in-Prague-Czechia-Year-Round
"Prague, Czechia",Aug,18.9,23.9,13.3,14.4,43,56,https://weatherspark.com/y/77807/Average-Weather-in-Prague-Czechia-Year-Round
"Prague, Czechia",Sep,14.4,18.9,10.0,12.5,48,38,https://weatherspark.com/y/77807/Average-Weather-in-Prague-Czechia-Year-Round
"Prague, Czechia",Oct,9.4,12.8,5.6,10.7,57,28,https://weatherspark.com/y/77807/Average-Weather-in-Prague-Czechia-Year-Round
"Prague, Czechia",Nov,4.4,6.7,1.7,9.0,65,25,https://weatherspark.com/y/77807/Average-Weather-in-Prague-Czechia-Year-Round
"Prague, Czechia",Dec,1.1,3.3,-1.7,8.1,64,20,https://weatherspark.com/y/77807/Average-Weather-in-Prague-Czechia-Year-Round
"Copenhagen, Denmark",Jan,0.6,2.8,-1.1,7.8,69,36,https://weatherspark.com/y/74001/Average-Weather-in-Copenhagen-Denmark-Year-Round
"Copenhagen, Denmark",Feb,0.6,2.8,-1.1,9.7,65,28,https://weatherspark.com/y/74001/Average-Weather-in-Copenhagen-Denmark-Year-Round
"Copenhagen, Denmark",Mar,2.8,5.6,0.0,12.0,62,28,https://weatherspark.com/y/74001/Average-Weather-in-Copenhagen-Denmark-Year-Round
"Copenhagen, Denmark",Apr,6.7,10.6,3.3,14.3,55,28,https://weatherspark.com/y/74001/Average-Weather-in-Copenhagen-Denmark-Year-Round
"Copenhagen, Denmark",May,11.7,15.6,7.2,16.3,48,36,https://weatherspark.com/y/74001/Average-Weather-in-Copenhagen-Denmark-Year-Round
"Copenhagen, Denmark",Jun,15.0,18.3,10.6,17.4,44,51,https://weatherspark.com/y/74001/Average-Weather-in-Copenhagen-Denmark-Year-Round
"Copenhagen, Denmark",Jul,17.2,21.1,13.3,16.8,43,51,https://weatherspark.com/y/74001/Average-Weather-in-Copenhagen-Denmark-Year-Round
"Copenhagen, Denmark",Aug,17.2,20.6,12.8,14.9,47,53,https://weatherspark.com/y/74001/Average-Weather-in-Copenhagen-Denmark-Year-Round
"Copenhagen, Denmark",Sep,13.9,16.7,10.0,12.7,50,48,https://weatherspark.com/y/74001/Average-Weather-in-Copenhagen-Denmark-Year-Round
"Copenhagen, Denmark",Oct,9.4,11.7,6.7,10.4,58,51,https://weatherspark.com/y/74001/Average-Weather-in-Copenhagen-Denmark-Year-Round
"Copenhagen, Denmark",Nov,5.6,7.2,3.3,8.3,67,48,https://weatherspark.com/y/74001/Average-Weather-in-Copenhagen-Denmark-Year-Round
"Copenhagen, Denmark",Dec,2.2,3.9,0.0,7.1,70,43,https://weatherspark.com/y/74001/Average-Weather-in-Copenhagen-Denmark-Year-Round
"Cairo, Egypt",Jan,14.4,19.4,10.6,10.5,23,3,https://weatherspark.com/y/96939/Average-Weather-in-Cairo-Egypt-Year-Round
"Cairo, Egypt",Feb,15.6,20.6,11.1,11.1,21,3,https://weatherspark.com/y/96939/Average-Weather-in-Cairo-Egypt-Year-Round
"Cairo, Egypt",Mar,18.3,23.9,13.3,12.0,19,5,https://weatherspark.com/y/96939/Average-Weather-in-Cairo-Egypt-Year-Round
"Cairo, Egypt",Apr,22.2,28.3,16.1,12.9,23,3,https://weatherspark.com/y/96939/Average-Weather-in-Cairo-Egypt-Year-Round
"Cairo, Egypt",May,26.1,32.2,19.4,13.7,18,0,https://weatherspark.com/y/96939/Average-Weather-in-Cairo-Egypt-Year-Round
"Cairo, Egypt",Jun,28.3,35.0,22.2,14.1,3,0,https://weatherspark.com/y/96939/Average-Weather-in-Cairo-Egypt-Year-Round
"Cairo, Egypt",Jul,29.4,35.0,23.9,13.8,1,0,https://weatherspark.com/y/96939/Average-Weather-in-Cairo-Egypt-Year-Round
"Cairo, Egypt",Aug,29.4,35.0,23.9,13.2,1,0,https://weatherspark.com/y/96939/Average-Weather-in-Cairo-Egypt-Year-Round
"Cairo, Egypt",Sep,27.8,33.3,22.8,12.3,2,0,https://weatherspark.com/y/96939/Average-Weather-in-Cairo-Egypt-Year-Round
"Cairo, Egypt",Oct,24.4,30.0,19.4,11.4,13,3,https://weatherspark.com/y/96939/Average-Weather-in-Cairo-Egypt-Year-Round
"Cairo, Egypt",Nov,20.0,25.0,15.6,10.6,24,5,https://weatherspark.com/y/96939/Average-Weather-in-Cairo-Egypt-Year-Round
"Cairo, Egypt",Dec,16.1,20.6,11.7,10.2,27,5,https://weatherspark.com/y/96939/Average-Weather-in-Cairo-Egypt-Year-Round
"Hurghada, Egypt",Jan,16.7,21.7,12.8,10.6,19,0,https://weatherspark.com/y/97643/Average-Weather-in-Hurghada-Egypt-Year-Round
"Hurghada, Egypt",Feb,17.8,22.8,13.3,11.3,18,0,https://weatherspark.com/y/97643/Average-Weather-in-Hurghada-Egypt-Year-Round
"Hurghada, Egypt",Mar,20.6,25.0,15.6,12.0,18,0,https://weatherspark.com/y/97643/Average-Weather-in-Hurghada-Egypt-Year-Round
"Hurghada, Egypt",Apr,23.9,28.3,19.4,12.8,20,0,https://weatherspark.com/y/97643/Average-Weather-in-Hurghada-Egypt-Year-Round
"Hurghada, Egypt",May,27.8,32.2,23.3,13.5,17,0,https://weatherspark.com/y/97643/Average-Weather-in-Hurghada-Egypt-Year-Round
"Hurghada, Egypt",Jun,30.6,34.4,26.1,13.8,4,0,https://weatherspark.com/y/97643/Average-Weather-in-Hurghada-Egypt-Year-Round
"Hurghada, Egypt",Jul,32.2,35.6,27.8,13.7,6,0,https://weatherspark.com/y/97643/Average-Weather-in-Hurghada-Egypt-Year-Round
"Hurghada, Egypt",Aug,32.2,35.6,27.8,13.1,4,0,https://weatherspark.com/y/97643/Average-Weather-in-Hurghada-Egypt-Year-Round
"Hurghada, Egypt",Sep,30.0,33.3,25.6,12.3,3,0,https://weatherspark.com/y/97643/Average-Weather-in-Hurghada-Egypt-Year-Round
"Hurghada, Egypt",Oct,26.7,30.6,22.2,11.5,11,0,https://weatherspark.com/y/97643/Average-Weather-in-Hurghada-Egypt-Year-Round
"Hurghada, Egypt",Nov,22.2,26.7,18.3,10.8,21,0,https://weatherspark.com/y/97643/Average-Weather-in-Hurghada-Egypt-Year-Round
"Hurghada, Egypt",Dec,18.3,22.8,14.4,10.5,24,0,https://weatherspark.com/y/97643/Average-Weather-in-Hurghada-Egypt-Year-Round
"Seville, Spain",Jan,10.6,16.1,6.1,9.9,41,51,https://weatherspark.com/y/34152/Average-Weather-in-Sevilla-Spain-Year-Round
"Seville, Spain",Feb,11.7,17.8,7.2,10.8,41,41,https://weatherspark.com/y/34152/Average-Weather-in-Sevilla-Spain-Year-Round
"Seville, Spain",Mar,15.0,21.1,8.9,12.0,39,33,https://weatherspark.com/y/34152/Average-Weather-in-Sevilla-Spain-Year-Round
"Seville, Spain",Apr,16.7,23.3,11.1,13.2,37,38,https://weatherspark.com/y/34152/Average-Weather-in-Sevilla-Spain-Year-Round
"Seville, Spain",May,20.6,27.2,13.9,14.2,33,23,https://weatherspark.com/y/34152/Average-Weather-in-Sevilla-Spain-Year-Round
"Seville, Spain",Jun,24.4,31.7,17.8,14.7,21,8,https://weatherspark.com/y/34152/Average-Weather-in-Sevilla-Spain-Year-Round
"Seville, Spain",Jul,27.2,35.6,19.4,14.4,8,3,https://weatherspark.com/y/34152/Average-Weather-in-Sevilla-Spain-Year-Round
"Seville, Spain",Aug,27.2,35.0,20.0,13.5,14,3,https://weatherspark.com/y/34152/Average-Weather-in-Sevilla-Spain-Year-Round
"Seville, Spain",Sep,24.4,31.1,17.8,12.4,31,18,https://weatherspark.com/y/34152/Average-Weather-in-Sevilla-Spain-Year-Round
"Seville, Spain",Oct,20.0,25.6,14.4,11.2,42,58,https://weatherspark.com/y/34152/Average-Weather-in-Sevilla-Spain-Year-Round
"Seville, Spain",Nov,14.4,20.0,10.0,10.1,43,69,https://weatherspark.com/y/34152/Average-Weather-in-Sevilla-Spain-Year-Round
"Seville, Spain",Dec,11.7,16.7,7.2,9.6,44,66,https://weatherspark.com/y/34152/Average-Weather-in-Sevilla-Spain-Year-Round
"Granada, Spain",Jan,5.6,12.2,0.0,9.9,42,33,https://weatherspark.com/y/36650/Average-Weather-in-Granada-Spain-Year-Round
"Granada, Spain",Feb,7.2,14.4,1.7,10.9,42,30,https://weatherspark.com/y/36650/Average-Weather-in-Granada-Spain-Year-Round
"Granada, Spain",Mar,10.6,17.2,3.9,12.0,41,25,https://weatherspark.com/y/36650/Average-Weather-in-Granada-Spain-Year-Round
"Granada, Spain",Apr,12.8,20.0,6.1,13.2,40,25,https://weatherspark.com/y/36650/Average-Weather-in-Granada-Spain-Year-Round
"Granada, Spain",May,16.7,24.4,9.4,14.2,37,18,https://weatherspark.com/y/36650/Average-Weather-in-Granada-Spain-Year-Round
"Granada, Spain",Jun,22.2,30.0,13.3,14.7,22,8,https://weatherspark.com/y/36650/Average-Weather-in-Granada-Spain-Year-Round
"Granada, Spain",Jul,25.0,33.3,16.1,14.4,9,3,https://weatherspark.com/y/36650/Average-Weather-in-Granada-Spain-Year-Round
"Granada, Spain",Aug,24.4,32.8,15.6,13.5,15,3,https://weatherspark.com/y/36650/Average-Weather-in-Granada-Spain-Year-Round
"Granada, Spain",Sep,20.6,28.3,12.8,12.4,33,13,https://weatherspark.com/y/36650/Average-Weather-in-Granada-Spain-Year-Round
"Granada, Spain",Oct,15.0,22.2,8.9,11.2,44,38,https://weatherspark.com/y/36650/Average-Weather-in-Granada-Spain-Year-Round
"Granada, Spain",Nov,9.4,16.1,4.4,10.2,45,46,https://weatherspark.com/y/36650/Average-Weather-in-Granada-Spain-Year-Round
"Granada, Spain",Dec,6.1,12.8,1.1,9.7,46,43,https://weatherspark.com/y/36650/Average-Weather-in-Granada-Spain-Year-Round
"Toledo, Spain",Jan,5.6,11.1,1.1,9.7,49,23,https://weatherspark.com/y/35355/Average-Weather-in-Toledo-Spain-Year-Round
"Toledo, Spain",Feb,7.2,13.3,2.2,10.7,45,18,https://weatherspark.com/y/35355/Average-Weather-in-Toledo-Spain-Year-Round
"Toledo, Spain",Mar,10.6,16.7,4.4,12.0,43,18,https://weatherspark.com/y/35355/Average-Weather-in-Toledo-Spain-Year-Round
"Toledo, Spain",Apr,13.3,18.9,7.2,13.3,41,28,https://weatherspark.com/y/35355/Average-Weather-in-Toledo-Spain-Year-Round
"Toledo, Spain",May,17.2,23.3,11.1,14.4,38,28,https://weatherspark.com/y/35355/Average-Weather-in-Toledo-Spain-Year-Round
"Toledo, Spain",Jun,22.8,29.4,15.6,15.0,27,18,https://weatherspark.com/y/35355/Average-Weather-in-Toledo-Spain-Year-Round
"Toledo, Spain",Jul,26.7,33.3,18.3,14.6,12,5,https://weatherspark.com/y/35355/Average-Weather-in-Toledo-Spain-Year-Round
"Toledo, Spain",Aug,26.1,32.8,18.3,13.7,18,5,https://weatherspark.com/y/35355/Average-Weather-in-Toledo-Spain-Year-Round
"Toledo, Spain",Sep,21.1,27.8,14.4,12.4,33,15,https://weatherspark.com/y/35355/Average-Weather-in-Toledo-Spain-Year-Round
"Toledo, Spain",Oct,15.6,21.1,10.0,11.1,45,41,https://weatherspark.com/y/35355/Average-Weather-in-Toledo-Spain-Year-Round
"Toledo, Spain",Nov,9.4,15.0,5.0,10.0,49,36,https://weatherspark.com/y/35355/Average-Weather-in-Toledo-Spain-Year-Round
"Toledo, Spain",Dec,6.1,11.1,2.2,9.4,51,28,https://weatherspark.com/y/35355/Average-Weather-in-Toledo-Spain-Year-Round
"Braga, Portugal",Jan,8.3,12.2,5.6,9.6,56,119,https://weatherspark.com/y/32470/Average-Weather-in-Braga-Portugal-Year-Round
"Braga, Portugal",Feb,9.4,13.9,6.1,10.6,53,94,https://weatherspark.com/y/32470/Average-Weather-in-Braga-Portugal-Year-Round
"Braga, Portugal",Mar,11.7,16.1,7.8,12.0,50,76,https://weatherspark.com/y/32470/Average-Weather-in-Braga-Portugal-Year-Round
"Braga, Portugal",Apr,12.8,17.2,8.9,13.4,48,84,https://weatherspark.com/y/32470/Average-Weather-in-Braga-Portugal-Year-Round
"Braga, Portugal",May,15.0,20.0,11.1,14.6,43,64,https://weatherspark.com/y/32470/Average-Weather-in-Braga-Portugal-Year-Round
"Braga, Portugal",Jun,18.9,23.3,13.9,15.1,32,30,https://weatherspark.com/y/32470/Average-Weather-in-Braga-Portugal-Year-Round
"Braga, Portugal",Jul,20.6,26.1,15.6,14.8,18,13,https://weatherspark.com/y/32470/Average-Weather-in-Braga-Portugal-Year-Round
"Braga, Portugal",Aug,20.6,26.1,15.6,13.8,23,18,https://weatherspark.com/y/32470/Average-Weather-in-Braga-Portugal-Year-Round
"Braga, Portugal",Sep,18.9,23.9,14.4,12.4,37,58,https://weatherspark.com/y/32470/Average-Weather-in-Braga-Portugal-Year-Round
"Braga, Portugal",Oct,15.6,19.4,11.7,11.0,50,122,https://weatherspark.com/y/32470/Average-Weather-in-Braga-Portugal-Year-Round
"Braga, Portugal",Nov,11.7,15.6,8.3,9.8,56,135,https://weatherspark.com/y/32470/Average-Weather-in-Braga-Portugal-Year-Round
"Braga, Portugal",Dec,9.4,12.8,6.1,9.2,58,137,https://weatherspark.com/y/32470/Average-Weather-in-Braga-Portugal-Year-Round
"Faro, Portugal",Jan,12.2,16.1,8.3,10.0,41,51,https://weatherspark.com/y/32777/Average-Weather-in-Faro-Portugal-Year-Round
"Faro, Portugal",Feb,12.8,16.7,8.9,10.9,40,43,https://weatherspark.com/y/32777/Average-Weather-in-Faro-Portugal-Year-Round
"Faro, Portugal",Mar,14.4,18.3,10.6,12.0,38,36,https://weatherspark.com/y/32777/Average-Weather-in-Faro-Portugal-Year-Round
"Faro, Portugal",Apr,16.1,20.0,12.2,13.2,35,36,https://weatherspark.com/y/32777/Average-Weather-in-Faro-Portugal-Year-Round
"Faro, Portugal",May,18.9,22.8,14.4,14.2,30,20,https://weatherspark.com/y/32777/Average-Weather-in-Faro-Portugal-Year-Round
"Faro, Portugal",Jun,22.2,26.1,17.8,14.7,19,5,https://weatherspark.com/y/32777/Average-Weather-in-Faro-Portugal-Year-Round
"Faro, Portugal",Jul,24.4,28.3,19.4,14.4,7,0,https://weatherspark.com/y/32777/Average-Weather-in-Faro-Portugal-Year-Round
"Faro, Portugal",Aug,24.4,28.3,20.0,13.5,13,3,https://weatherspark.com/y/32777/Average-Weather-in-Faro-Portugal-Year-Round
"Faro, Portugal",Sep,22.2,26.1,18.3,12.4,30,18,https://weatherspark.com/y/32777/Average-Weather-in-Faro-Portugal-Year-Round
"Faro, Portugal",Oct,19.4,22.8,15.6,11.2,42,56,https://weatherspark.com/y/32777/Average-Weather-in-Faro-Portugal-Year-Round
"Faro, Portugal",Nov,15.6,19.4,12.2,10.2,42,79,https://weatherspark.com/y/32777/Average-Weather-in-Faro-Portugal-Year-Round
"Faro, Portugal",Dec,13.3,17.2,10.0,9.7,44,79,https://weatherspark.com/y/32777/Average-Weather-in-Faro-Portugal-Year-Round
"Bergen, Norway",Jan,0.6,2.8,-1.7,6.8,75,236,https://weatherspark.com/y/52849/Average-Weather-in-Bergen-Norway-Year-Round
"Bergen, Norway",Feb,0.6,2.8,-1.7,9.2,74,188,https://weatherspark.com/y/52849/Average-Weather-in-Bergen-Norway-Year-Round
"Bergen, Norway",Mar,2.2,5.0,-0.6,11.9,71,170,https://weatherspark.com/y/52849/Average-Weather-in-Bergen-Norway-Year-Round
"Bergen, Norway",Apr,5.6,8.9,2.2,14.7,62,117,https://weatherspark.com/y/52849/Average-Weather-in-Bergen-Norway-Year-Round
"Bergen, Norway",May,9.4,12.8,5.6,17.4,55,97,https://weatherspark.com/y/52849/Average-Weather-in-Bergen-Norway-Year-Round
"Bergen, Norway",Jun,12.2,15.6,8.3,18.9,53,104,https://weatherspark.com/y/52849/Average-Weather-in-Bergen-Norway-Year-Round
"Bergen, Norway",Jul,13.9,17.2,10.6,18.0,55,119,https://weatherspark.com/y/52849/Average-Weather-in-Bergen-Norway-Year-Round
"Bergen, Norway",Aug,13.9,16.7,10.6,15.5,59,152,https://weatherspark.com/y/52849/Average-Weather-in-Bergen-Norway-Year-Round
"Bergen, Norway",Sep,11.1,13.9,8.3,12.8,64,208,https://weatherspark.com/y/52849/Average-Weather-in-Bergen-Norway-Year-Round
"Bergen, Norway",Oct,7.2,10.0,5.0,10.0,69,226,https://weatherspark.com/y/52849/Average-Weather-in-Bergen-Norway-Year-Round
"Bergen, Norway",Nov,3.9,6.1,1.7,7.4,72,241,https://weatherspark.com/y/52849/Average-Weather-in-Bergen-Norway-Year-Round
"Bergen, Norway",Dec,1.7,3.3,-0.6,5.9,74,244,https://weatherspark.com/y/52849/Average-Weather-in-Bergen-Norway-Year-Round
"Paphos, Cyprus",Jan,12.2,16.7,8.3,10.1,34,58,https://weatherspark.com/y/97275/Average-Weather-in-Paphos-Cyprus-Year-Round
"Paphos, Cyprus",Feb,12.2,16.7,8.3,11.0,32,51,https://weatherspark.com/y/97275/Average-Weather-in-Paphos-Cyprus-Year-Round
"Paphos, Cyprus",Mar,13.9,18.3,9.4,12.0,29,28,https://weatherspark.com/y/97275/Average-Weather-in-Paphos-Cyprus-Year-Round
"Paphos, Cyprus",Apr,16.7,21.1,11.7,13.1,27,13,https://weatherspark.com/y/97275/Average-Weather-in-Paphos-Cyprus-Year-Round
"Paphos, Cyprus",May,20.0,23.9,15.0,14.0,19,8,https://weatherspark.com/y/97275/Average-Weather-in-Paphos-Cyprus-Year-Round
"Paphos, Cyprus",Jun,23.9,27.2,18.9,14.5,3,3,https://weatherspark.com/y/97275/Average-Weather-in-Paphos-Cyprus-Year-Round
"Paphos, Cyprus",Jul,26.1,29.4,21.1,14.2,0,0,https://weatherspark.com/y/97275/Average-Weather-in-Paphos-Cyprus-Year-Round
"Paphos, Cyprus",Aug,26.7,30.0,21.7,13.4,0,3,https://weatherspark.com/y/97275/Average-Weather-in-Paphos-Cyprus-Year-Round
"Paphos, Cyprus",Sep,24.4,28.3,19.4,12.4,4,5,https://weatherspark.com/y/97275/Average-Weather-in-Paphos-Cyprus-Year-Round
"Paphos, Cyprus",Oct,21.7,25.6,16.7,11.3,21,20,https://weatherspark.com/y/97275/Average-Weather-in-Paphos-Cyprus-Year-Round
"Paphos, Cyprus",Nov,17.2,21.7,13.3,10.3,31,43,https://weatherspark.com/y/97275/Average-Weather-in-Paphos-Cyprus-Year-Round
"Paphos, Cyprus",Dec,13.9,18.3,10.0,9.9,35,64,https://weatherspark.com/y/97275/Average-Weather-in-Paphos-Cyprus-Year-Round
"Valletta, Malta",Jan,12.8,15.6,10.6,10.0,36,56,https://weatherspark.com/y/76280/Average-Weather-in-Valletta-Malta-Year-Round
"Valletta, Malta",Feb,12.8,15.6,10.6,10.9,34,43,https://weatherspark.com/y/76280/Average-Weather-in-Valletta-Malta-Year-Round
"Valletta, Malta",Mar,13.9,16.7,11.1,12.0,33,33,https://weatherspark.com/y/76280/Average-Weather-in-Valletta-Malta-Year-Round
"Valletta, Malta",Apr,16.1,19.4,13.3,13.1,32,20,https://weatherspark.com/y/76280/Average-Weather-in-Valletta-Malta-Year-Round
"Valletta, Malta",May,19.4,23.3,16.1,14.1,30,13,https://weatherspark.com/y/76280/Average-Weather-in-Valletta-Malta-Year-Round
"Valletta, Malta",Jun,23.9,27.8,20.0,14.6,16,5,https://weatherspark.com/y/76280/Average-Weather-in-Valletta-Malta-Year-Round
"Valletta, Malta",Jul,26.7,30.6,22.8,14.3,2,3,https://weatherspark.com/y/76280/Average-Weather-in-Valletta-Malta-Year-Round
"Valletta, Malta",Aug,27.2,30.6,23.3,13.4,6,8,https://weatherspark.com/y/76280/Average-Weather-in-Valletta-Malta-Year-Round
"Valletta, Malta",Sep,24.4,27.8,21.7,12.4,23,36,https://weatherspark.com/y/76280/Average-Weather-in-Valletta-Malta-Year-Round
"Valletta, Malta",Oct,21.7,24.4,18.9,11.2,39,53,https://weatherspark.com/y/76280/Average-Weather-in-Valletta-Malta-Year-Round
"Valletta, Malta",Nov,17.8,20.6,15.0,10.3,38,64,https://weatherspark.com/y/76280/Average-Weather-in-Valletta-Malta-Year-Round
"Valletta, Malta",Dec,14.4,16.7,12.2,9.8,36,64,https://weatherspark.com/y/76280/Average-Weather-in-Valletta-Malta-Year-Round
"Osaka, Japan",Jan,5.0,8.9,1.7,10.1,30,48,https://weatherspark.com/y/143399/Average-Weather-in-Osaka-Japan-Year-Round
"Osaka, Japan",Feb,5.6,9.4,2.2,11.0,37,71,https://weatherspark.com/y/143399/Average-Weather-in-Osaka-Japan-Year-Round
"Osaka, Japan",Mar,8.9,13.3,5.0,12.0,45,104,https://weatherspark.com/y/143399/Average-Weather-in-Osaka-Japan-Year-Round
"Osaka, Japan",Apr,14.4,18.9,10.6,13.1,50,122,https://weatherspark.com/y/143399/Average-Weather-in-Osaka-Japan-Year-Round
"Osaka, Japan",May,19.4,23.9,15.0,14.0,56,142,https://weatherspark.com/y/143399/Average-Weather-in-Osaka-Japan-Year-Round
"Osaka, Japan",Jun,23.3,27.2,20.0,14.4,68,188,https://weatherspark.com/y/143399/Average-Weather-in-Osaka-Japan-Year-Round
"Osaka, Japan",Jul,27.2,31.1,23.9,14.2,65,173,https://weatherspark.com/y/143399/Average-Weather-in-Osaka-Japan-Year-Round
"Osaka, Japan",Aug,28.3,32.2,24.4,13.4,51,124,https://weatherspark.com/y/143399/Average-Weather-in-Osaka-Japan-Year-Round
"Osaka, Japan",Sep,24.4,28.3,21.1,12.4,49,175,https://weatherspark.com/y/143399/Average-Weather-in-Osaka-Japan-Year-Round
"Osaka, Japan",Oct,18.3,22.8,14.4,11.3,37,130,https://weatherspark.com/y/143399/Average-Weather-in-Osaka-Japan-Year-Round
"Osaka, Japan",Nov,12.8,16.7,8.9,10.3,30,76,https://weatherspark.com/y/143399/Average-Weather-in-Osaka-Japan-Year-Round
"Osaka, Japan",Dec,7.2,11.7,3.9,9.9,25,53,https://weatherspark.com/y/143399/Average-Weather-in-Osaka-Japan-Year-Round
"Astana, Kazakhstan",Jan,-15.6,-11.1,-20.0,8.5,82,0,https://weatherspark.com/y/107257/Average-Weather-in-Astana-Kazakhstan-Year-Round
"Astana, Kazakhstan",Feb,-15.0,-10.6,-20.0,10.0,80,0,https://weatherspark.com/y/107257/Average-Weather-in-Astana-Kazakhstan-Year-Round
"Astana, Kazakhstan",Mar,-7.2,-2.8,-12.2,12.0,67,5,https://weatherspark.com/y/107257/Average-Weather-in-Astana-Kazakhstan-Year-Round
"Astana, Kazakhstan",Apr,5.6,10.6,-0.6,13.9,48,13,https://weatherspark.com/y/107257/Average-Weather-in-Astana-Kazakhstan-Year-Round
"Astana, Kazakhstan",May,13.3,19.4,6.7,15.6,42,23,https://weatherspark.com/y/107257/Average-Weather-in-Astana-Kazakhstan-Year-Round
"Astana, Kazakhstan",Jun,19.4,24.4,12.2,16.5,37,25,https://weatherspark.com/y/107257/Average-Weather-in-Astana-Kazakhstan-Year-Round
"Astana, Kazakhstan",Jul,20.6,26.1,13.9,16.0,34,33,https://weatherspark.com/y/107257/Average-Weather-in-Astana-Kazakhstan-Year-Round
"Astana, Kazakhstan",Aug,18.3,23.9,11.1,14.5,32,18,https://weatherspark.com/y/107257/Average-Weather-in-Astana-Kazakhstan-Year-Round
"Astana, Kazakhstan",Sep,12.2,17.8,5.0,12.6,41,15,https://weatherspark.com/y/107257/Average-Weather-in-Astana-Kazakhstan-Year-Round
"Astana, Kazakhstan",Oct,3.9,8.3,-1.7,10.6,55,15,https://weatherspark.com/y/107257/Average-Weather-in-Astana-Kazakhstan-Year-Round
"Astana, Kazakhstan",Nov,-6.1,-2.2,-10.6,8.9,68,5,https://weatherspark.com/y/107257/Average-Weather-in-Astana-Kazakhstan-Year-Round
"Astana, Kazakhstan",Dec,-12.8,-8.9,-17.2,8.0,78,0,https://weatherspark.com/y/107257/Average-Weather-in-Astana-Kazakhstan-Year-Round
"Samarkand, Uzbekistan",Jan,1.7,6.1,-2.2,9.7,56,15,https://weatherspark.com/y/106430/Average-Weather-in-Samarqand-Uzbekistan-Year-Round
"Samarkand, Uzbekistan",Feb,3.3,7.8,-0.6,10.7,56,20,https://weatherspark.com/y/106430/Average-Weather-in-Samarqand-Uzbekistan-Year-Round
"Samarkand, Uzbekistan",Mar,8.3,13.3,3.9,12.0,54,33,https://weatherspark.com/y/106430/Average-Weather-in-Samarqand-Uzbekistan-Year-Round
"Samarkand, Uzbekistan",Apr,15.0,20.6,9.4,13.3,44,33,https://weatherspark.com/y/106430/Average-Weather-in-Samarqand-Uzbekistan-Year-Round
"Samarkand, Uzbekistan",May,20.0,26.1,13.9,14.4,28,18,https://weatherspark.com/y/106430/Average-Weather-in-Samarqand-Uzbekistan-Year-Round
"Samarkand, Uzbekistan",Jun,25.0,31.1,17.2,14.9,8,5,https://weatherspark.com/y/106430/Average-Weather-in-Samarqand-Uzbekistan-Year-Round
"Samarkand, Uzbekistan",Jul,26.7,33.3,18.9,14.6,2,3,https://weatherspark.com/y/106430/Average-Weather-in-Samarqand-Uzbekistan-Year-Round
"Samarkand, Uzbekistan",Aug,25.0,31.7,17.2,13.7,2,0,https://weatherspark.com/y/106430/Average-Weather-in-Samarqand-Uzbekistan-Year-Round
"Samarkand, Uzbekistan",Sep,20.6,27.2,12.8,12.4,7,3,https://weatherspark.com/y/106430/Average-Weather-in-Samarqand-Uzbekistan-Year-Round
"Samarkand, Uzbekistan",Oct,13.9,20.6,7.2,11.1,27,8,https://weatherspark.com/y/106430/Average-Weather-in-Samarqand-Uzbekistan-Year-Round
"Samarkand, Uzbekistan",Nov,8.3,13.3,2.8,10.0,45,15,https://weatherspark.com/y/106430/Average-Weather-in-Samarqand-Uzbekistan-Year-Round
"Samarkand, Uzbekistan",Dec,3.3,8.3,-0.6,9.4,52,15,https://weatherspark.com/y/106430/Average-Weather-in-Samarqand-Uzbekistan-Year-Round